source_sha256,source_url,corpus,format,engine,ocr,page_basis,pages,empty_pages,empty_page_ratio,nonspace_characters,nonspace_per_page,replacement_characters,manifest_status,extraction_grade,detail
bfb0a676ecdb4efeb395c5403491c570439c31e41f5008a58ac211c67b6b4b27,https://www.centralbank.ie/docs/default-source/regulation/how-we-regulate/authorisation/orion-applications/authorisation/gns-4-1-1-1-1-3-how-to-start-sub-fund-app-for-exist-fund-video.pdf?sfvrsn=b6ccd11d_2,pdf,PDF,pymupdf4llm,True,source-page,1,1,1.0,0,0.0,0,low_text,empty,no extractable text
5fd08a86808fb0d680e3c831c498baedc6b368f3966e0f452f6c611e4bc5ed97,https://www.centralbank.ie/docs/default-source/regulation/how-we-regulate/authorisation/orion-applications/authorisation/gns-4-1-1-1-1-4-how-to-submit-clause-based-documents-video.pdf?sfvrsn=adccd11d_2,pdf,PDF,pymupdf4llm,True,source-page,1,1,1.0,0,0.0,0,low_text,empty,no extractable text
280ca325a7e9942d40f54a46994d8102972735e71b2800fa8cb0d9e4aa81d42f,https://www.centralbank.ie/docs/default-source/regulation/how-we-regulate/authorisation/orion-applications/authorisation/gns-4-1-1-1-1-5-attach-non-clause-based-doc-to-application-video.pdf?sfvrsn=9accd11d_2,pdf,PDF,pymupdf4llm,True,source-page,1,1,1.0,0,0.0,0,low_text,empty,no extractable text
51cd1e7e01eb07729bcfdeadfd6cea2b9babc7b509e6674fc8563355d9c21814,https://www.centralbank.ie/docs/default-source/regulation/how-we-regulate/authorisation/orion-applications/authorisation/gns-4-1-1-1-1-6-how-to-add-executed-doc-to-an-application-video.pdf?sfvrsn=91ccd11d_2,pdf,PDF,pymupdf4llm,True,source-page,1,1,1.0,0,0.0,0,low_text,empty,no extractable text
92237375b84b5c740749e395dc06bf5d082dcf8261dd6849461a188f70827c4a,https://www.centralbank.ie/docs/default-source/regulation/how-we-regulate/authorisation/orion-applications/authorisation/gns-4-1-1-1-1-7-how-to-check-the-status-of-an-application-video.pdf?sfvrsn=8bccd11d_2,pdf,PDF,pymupdf4llm,True,source-page,1,1,1.0,0,0.0,0,low_text,empty,no extractable text
3e6a8b87273e8fba4e10ae395b1ed35d0ac5c3581363a860ddb75b3d78042271,https://www.centralbank.ie/docs/default-source/regulation/how-we-regulate/authorisation/orion-applications/qiaif-guidance/gns-4-1-1-1-1-1-how-to-login-video.pdf?sfvrsn=e9ccd11d_4,pdf,PDF,pymupdf4llm,True,source-page,1,1,1.0,0,0.0,0,low_text,empty,no extractable text
1460e154a717b61456f08badd9ee8ad828a8a000751ca6e923c47117efe8ab15,https://www.centralbank.ie/docs/default-source/regulation/how-we-regulate/authorisation/orion-applications/qiaif-guidance/gns-4-1-1-1-1-2-how-to-start-app-for-auth-video.pdf?sfvrsn=a0ccd11d_2,pdf,PDF,pymupdf4llm,True,source-page,1,1,1.0,0,0.0,0,low_text,empty,no extractable text
31cb51b67dbe74fc7d02c2b45e6f78ae1500583feb790ef693b7b781796350f9,https://www.centralbank.ie/docs/default-source/news-and-media/legal-notices/prohibition-notices/prohibition-notice-mr-martin-ryan-redacted.pdf,pdf,PDF,pymupdf4llm,False,source-page,22,20,0.9091,168,7.6,0,low_text,gappy,20/22 pages hold under 30 non-space characters (91%)
122b0bd1c9758149fd4b2617bf791f3e1deba7941b4d8a30dc41c9870de89160,https://www.centralbank.ie/docs/default-source/news-and-media/legal-notices/prohibition-notices/prohibition-notice-michael-kearns-redacted.pdf,pdf,PDF,pymupdf4llm,False,source-page,16,15,0.9375,258,16.1,0,low_text,gappy,15/16 pages hold under 30 non-space characters (94%)
34d9126f77312a0e8d1e1d7814f7d315bf485d83cbf4a0bd38adf2dd1dea6095,https://www.centralbank.ie/docs/default-source/tns/events/thirteenth-central-bank-of-ireland-whitaker-lecture-by-patrick-honohan.pdf?sfvrsn=c04f701a_1,pdf,PDF,pymupdf4llm,False,source-page,27,15,0.5556,1095,40.6,0,success,gappy,15/27 pages hold under 30 non-space characters (56%)
1ec6af610061f631792097fe684f1461cefeade5e5c24aa99f8aa0e9fac47665,https://www.centralbank.ie/docs/default-source/tns/events/atif-mian.pdf?sfvrsn=ec901d_2,pdf,PDF,pymupdf4llm,False,source-page,8,6,0.75,392,49.0,0,success,gappy,6/8 pages hold under 30 non-space characters (75%)
c18abb4bf3b9353d343d9221c7b13ccc678fe964acb0f31311abc937260f05bc,https://www.centralbank.ie/docs/default-source/regulation/consumer-protection/compliance-monitoring/themed-inspections/credit-institutions-and-mortgage-lending/gns-4-2-1-2-info-rel-surv-sales-1007.docx?sfvrsn=36f4d61d_4,office,DOCX,python-docx 1.2.0,,single-pseudo-page,1,0,0.0,113,113.0,0,success,thin,113 non-space characters per page
ca8f1f2be5afb24b433f0ab21fbd5d5242ac596b7ca51422bf062bfe2d1acea5,https://www.centralbank.ie/docs/default-source/regulation/consumer-protection/compliance-monitoring/themed-inspections/credit-institutions-and-mortgage-lending/gns4-2-1-2-info-rel-themd-insp-coc-mortg-arrs.docx?sfvrsn=1af6d61d_4,office,DOCX,python-docx 1.2.0,,single-pseudo-page,1,0,0.0,114,114.0,0,success,thin,114 non-space characters per page
52227ea673cf95e7cb764b982d151c10734124234f5344abb774ab3db1894efe,https://www.centralbank.ie/docs/default-source/news-and-media/speeches/chartpack-inflation-growth-and-monetary-policy-in-a-fractured-world.pdf?sfvrsn=95d731a_3,pdf,PDF,pymupdf4llm,False,source-page,11,0,0.0,1298,118.0,0,success,thin,118 non-space characters per page
e998c553d1e10e8e1e1ff38f108eefb77c5ad2927d7b3e9b06781399e9d8d933,https://www.centralbank.ie/docs/default-source/publications/consultation-papers/cp160/an-post-response-to-cp160.pdf?sfvrsn=e8fc6f1a_2,pdf,PDF,pymupdf4llm,False,source-page,1,0,0.0,120,120.0,0,success,thin,120 non-space characters per page
6ee969fedf47b451fd428c37b64744eeb1fd568437f08bcd4d0d4dab7436f04c,https://www.centralbank.ie/docs/default-source/careers/great-place-to-work---trust-index-survey635acd134644629bacc1ff0000269695.pdf?sfvrsn=da1eaf1d_3,pdf,PDF,pymupdf4llm,False,source-page,36,19,0.5278,4688,130.2,0,success,gappy,19/36 pages hold under 30 non-space characters (53%)
f4aa98e0dbf86c6bc653038e06ae317319eefafbb7cf336a8c615f30eefb9770,https://www.centralbank.ie/docs/default-source/regulation/consumer-protection/compliance-monitoring/themed-inspections/retail-intermediaries/gns4-2-1-2-spvsy-rev-progme-ret-intery-firms0515.docx?sfvrsn=85ffd61d_4,office,DOCX,python-docx 1.2.0,,single-pseudo-page,1,0,0.0,134,134.0,0,success,thin,134 non-space characters per page
1820ea8bab795e4e5cffb2c0f3700a8cc04ec50049686596b3c3c8216aa3a4de,https://www.centralbank.ie/docs/default-source/regulation/industry-market-sectors/credit-unions/communications/presentations/financial-conditions-of-credit-unions.pdf?sfvrsn=2,pdf,PDF,pymupdf4llm,False,source-page,12,1,0.0833,1629,135.8,0,success,thin,136 non-space characters per page
b15a17b4501b823999a54260629d361b2e9b3905a7f8a9a48eba99fa33ae9664,https://www.centralbank.ie/docs/default-source/regulation/industry-market-sectors/credit-unions/communications/presentations/2016-information-seminars---opening-remarks.pdf?sfvrsn=41ebdc1d_2,pdf,PDF,pymupdf4llm,False,source-page,4,1,0.25,573,143.2,0,success,thin,143 non-space characters per page
c0c77f8929515b8c4854413d0f6f7aa6a6fb546962306ff5fd79cf1faf00614a,https://www.centralbank.ie/docs/default-source/financial-system/financial-stability/events/2015/balance-sheet-recovery/sme-market-overview---presentation.pdf?sfvrsn=285ea41d_2,pdf,PDF,pymupdf4llm,False,source-page,31,0,0.0,4446,143.4,0,success,thin,143 non-space characters per page
c1ad3576a712aabf5ec7e249aefb111aa9b34960c9aaa0328a2d0d282c3b9b74,https://www.centralbank.ie/docs/default-source/tns/about---tns/freedom-of-information/media-requests/foi-2025-001621-record-for-website.pdf?sfvrsn=ab62691a_1,pdf,PDF,pymupdf4llm,False,source-page,4,0,0.0,604,151.0,0,success,thin,151 non-space characters per page
768473560746e728e8d9a471d30362397503fd5f4522ab487df49331325ba991,https://www.centralbank.ie/docs/default-source/tns/events/presentation---resolving-a-non-performing-loan-crisis.pdf?sfvrsn=f955ab1d_2,pdf,PDF,pymupdf4llm,False,source-page,8,0,0.0,1313,164.1,0,success,thin,164 non-space characters per page
c268d93875dc2719f068dc8b71529ece15fda9c283184328d2f21900e9dabc80,https://www.centralbank.ie/docs/default-source/tns/about---tns/freedom-of-information/media-requests/employee-engagement-survey-2023-key-results.pdf?sfvrsn=9ede621a_6,pdf,PDF,pymupdf4llm,False,source-page,42,18,0.4286,6986,166.3,0,success,gappy,18/42 pages hold under 30 non-space characters (43%)
f61974f7d54175a55c280808b596198968f369d42a6df608364e37342484b8bd,https://www.centralbank.ie/docs/default-source/publications/consultation-papers/cp158/minister-for-finance-response-to-cp158.pdf?sfvrsn=3c4c6a1a_2,pdf,PDF,pymupdf4llm,True,source-page,9,8,0.8889,1536,170.7,0,success,gappy,8/9 pages hold under 30 non-space characters (89%)
6e3b01b0c0f377fb6c5eeba36401152bf56368f6e905c58aac1de5073ea0124d,https://www.centralbank.ie/docs/default-source/tns/events/christian-hawkesby.pdf?sfvrsn=1ec901d_2,pdf,PDF,pymupdf4llm,False,source-page,9,0,0.0,1563,173.7,0,success,thin,174 non-space characters per page
6a0e59300390e05baf40cba721f6a126d2f9b12fed29b0b99b552539c07ec6ef,https://www.centralbank.ie/docs/default-source/regulation/how-we-regulate/authorisation/orion-applications/qiaif-guidance/gns-4-1-1-1-1-1-how-to-login5d88b3134644629bacc1ff0000269695.pdf?sfvrsn=f2ccd11d_6,pdf,PDF,pymupdf4llm,False,source-page,1,0,0.0,191,191.0,0,success,thin,191 non-space characters per page
51b5cad37538961f35ac6de24c7732b0ad6d639a4914d1f962a19b81deaf76f0,https://www.centralbank.ie/docs/default-source/news-and-media/speeches/200611-mni-roundtable-slides-governor-makhlouf.pptx,office,PPTX,python-pptx,,slide,11,0,0.0,2110,191.8,0,success,thin,192 non-space characters per page
33b4d39f212627cd6d8364d6bb0e1477047b12192d3526be8796d4d6d044d1f0,https://www.centralbank.ie/docs/default-source/regulation/industry-market-sectors/investment-firms/central-bank-of-ireland-taxonomy-2-3.zip?sfvrsn=b4d3611a_2,office,ZIP,zipfile-profile,,archive-member,1,0,0.0,192,192.0,0,success,thin,192 non-space characters per page
a87649598a65012d49d77fba4a1ce1e83b8dbb21a18d5dc3fb1193f53076b788,https://www.centralbank.ie/docs/default-source/tns/about---tns/freedom-of-information/media-requests/foi-2025-001607-record-for-release.pdf?sfvrsn=dfdd6c1a_1,pdf,PDF,pymupdf4llm,False,source-page,5,1,0.2,969,193.8,0,success,thin,194 non-space characters per page
9211878442e6c961772b517203dfb0dea76bb4b80e8894fed2b3cd6124f689e6,https://www.centralbank.ie/docs/default-source/regulation/industry-market-sectors/credit-unions/communications/presentations/2015-information-seminars---opening-remarks.pdf?sfvrsn=9becd41d_6,pdf,PDF,pymupdf4llm,False,source-page,3,0,0.0,590,196.7,0,success,thin,197 non-space characters per page
b8d9a2e67b524a51460331727720c28b37a47d39fc47c19a949bbd64dd1547ac,https://www.centralbank.ie/docs/default-source/tns/events/6-ecb-dublin-keynote-slides.pdf?sfvrsn=5b85811d_2,pdf,PDF,pymupdf4llm,False,source-page,29,5,0.1724,5932,204.6,16,success,garbled,16 replacement characters over 5932 non-space characters
ecc40042b6f7961ad2589d1054f588c4c9ef0f9e154f297dba25222f15215692,https://www.centralbank.ie/docs/default-source/regulation/industry-market-sectors/insurance-reinsurance/non-solvency-ii-(life)/requirements-and-guidance/ongoing-requirements-guidance-relevant-to-life-insurance-undertakings/gns-4-4-10-2-2---assumptions---life-contracts.pdf?sfvrsn=64afd11d_2,pdf,PDF,pymupdf4llm,False,source-page,5,2,0.4,1111,222.2,0,success,gappy,2/5 pages hold under 30 non-space characters (40%)
f30f38eba3a8ff6195c1884c214977a568a8abfbd8c4ca4429d8d80bd7b99370,https://www.centralbank.ie/docs/default-source/tns/events/8-crawley_consumptionheterogeneity_slides_dublin.pdf?sfvrsn=9886811d_2,pdf,PDF,pymupdf4llm,False,source-page,67,4,0.0597,19533,291.5,54,success,garbled,54 replacement characters over 19533 non-space characters
5f1988bb0585c047fdf3f950ab4fb1b55c6fcdc28baa2e40a04f904003bbbca0,https://www.centralbank.ie/docs/default-source/tns/about---tns/freedom-of-information/cooperation-agreement-between-the-competition-and-consumer-protection-commission-and-the-central-bank-of-ireland.pdf?sfvrsn=317ab01d_6,pdf,PDF,pymupdf4llm,False,source-page,11,8,0.7273,3660,332.7,0,success,gappy,8/11 pages hold under 30 non-space characters (73%)
32d12aadfd87b8e6bb4f8a3db4d4a6acbc43431400cc959155c32d930bec7407,https://www.centralbank.ie/docs/default-source/financial-system/financial-stability/events/2015/balance-sheet-recovery/mortgage-default---are-first-time-buyers-different---presentation.pdf?sfvrsn=165ea41d_2,pdf,PDF,pymupdf4llm,False,source-page,22,8,0.3636,7666,348.5,1342,success,garbled,1342 replacement characters over 7666 non-space characters
9722593eb8afc6a4f3db717b4678866a1ac5e9c22c50e4936ceabf178e20de5f,https://www.centralbank.ie/docs/default-source/regulation/industry-market-sectors/insurance-reinsurance/solvency-ii/supervisory-disclosures/overview-of-insurance-directorate-its-supervisory-objectives.pdf?sfvrsn=5a55ad1d_12,pdf,PDF,pymupdf4llm,False,source-page,2,1,0.5,855,427.5,0,success,gappy,1/2 pages hold under 30 non-space characters (50%)
0e04abcfd2bcaf3662bd2ec5d78a5f7394a72980eff88ce8d635fe1a4d19d277,https://www.centralbank.ie/docs/default-source/publications/consultation-papers/cp102/irish-brokers-association-response-to-cp102.pdf?sfvrsn=d18fd81d_4,pdf,PDF,pymupdf4llm,False,source-page,3,1,0.3333,1289,429.7,0,success,gappy,1/3 pages hold under 30 non-space characters (33%)
6226b8c41c511664e7123779f5d5bc121f96bd11f7a273e1069829bc5b433082,https://www.centralbank.ie/docs/default-source/tns/about---tns/freedom-of-information/media-requests/records-1-4---november-2022.pdf?sfvrsn=e5029b1d_2,pdf,PDF,pymupdf4llm,False,source-page,25,10,0.4,10755,430.2,0,success,gappy,10/25 pages hold under 30 non-space characters (40%)
f60021a778a0e638b2900f1baadc6573cd99680df91195462d7267d30e8c3775,https://www.centralbank.ie/docs/default-source/regulation/industry-market-sectors/insurance-reinsurance/non-solvency-ii-(life)/requirements-and-guidance/ongoing-requirements-guidance-specific-to-non-life-insurance-undertakings/gns-4-4-10-2-2---forex-retranslation---2008.pdf?sfvrsn=52a8d11d_4,pdf,PDF,pymupdf4llm,False,source-page,5,2,0.4,2239,447.8,0,success,gappy,2/5 pages hold under 30 non-space characters (40%)
754468ee8df06a66424ae6677902594dcf89b51a24333468746fb88fac628e89,https://www.centralbank.ie/docs/default-source/regulation/industry-market-sectors/investment-firms/supervisory-disclosures/aggregate-statistical-data/part-4-data-on-exemptions-2025.pdf?sfvrsn=2202711a_4,pdf,PDF,pymupdf4llm,False,source-page,4,2,0.5,1794,448.5,0,success,gappy,2/4 pages hold under 30 non-space characters (50%)
9761aac68f9571ff470440502b767948f3207039cfae808af06a1b6e75871bfc,https://www.centralbank.ie/docs/default-source/publications/consultation-papers/cp136/insolvency-service-or-ireland-response-to-cp136.pdf?sfvrsn=7b54921d_4,pdf,PDF,pymupdf4llm,False,source-page,2,1,0.5,905,452.5,0,success,gappy,1/2 pages hold under 30 non-space characters (50%)
8f752b4d74b1941af420d476402f2bd9f92d78fcbf6cc0ce2a252ac8a4848a30,https://www.centralbank.ie/docs/default-source/regulation/industry-market-sectors/insurance-reinsurance/non-solvency-ii-(life)/requirements-and-guidance/ongoing-requirements-guidance/guidelines-for-insurance-companies-on-the-appointment-of-a-compliance-officer.pdf?sfvrsn=a49dd11d_2,pdf,PDF,pymupdf4llm,False,source-page,5,2,0.4,2301,460.2,0,success,gappy,2/5 pages hold under 30 non-space characters (40%)
0049525f4064b5b8bbc06ec8b2f5438572e0d7e32d66460d5b9860010f963fe9,https://www.centralbank.ie/docs/default-source/tns/about---tns/freedom-of-information/media-requests/foi-2025-001614-schedule-of-records.pdf?sfvrsn=d464691a_2,pdf,PDF,pymupdf4llm,False,source-page,3,1,0.3333,1422,474.0,0,success,gappy,1/3 pages hold under 30 non-space characters (33%)
4660ad015e499d087674ec35e8972acbee57d7726f1d2f592636690a96fdc826,https://www.centralbank.ie/docs/default-source/tns/events/economic-resilience-and-renewal-agenda.pdf?sfvrsn=55139e1d_1,pdf,PDF,pymupdf4llm,False,source-page,2,1,0.5,951,475.5,0,success,gappy,1/2 pages hold under 30 non-space characters (50%)
6acd5dfc685affa72911087f10f0e4d861cec39301238d39b37ddc8205299e80,https://www.centralbank.ie/docs/default-source/tns/events/the-failure-of-supervisory-stress-testing-fannie-mae-and-freddie-mac-and-ofheo.pdf?sfvrsn=8edeb71d_2,pdf,PDF,pymupdf4llm,False,source-page,119,2,0.0168,57950,487.0,137,success,garbled,137 replacement characters over 57950 non-space characters
c1e7b60c922ff627cc08ac4cc8bee58e6aa4d6e093ba1060715e2b50e0aaacfc,https://www.centralbank.ie/docs/default-source/tns/events/21_3_22_cbi-eib-esri_agenda.pdf?sfvrsn=9848901d_2,pdf,PDF,pymupdf4llm,False,source-page,2,1,0.5,991,495.5,0,success,gappy,1/2 pages hold under 30 non-space characters (50%)
a9fa078452989782a17234a7d08441663168da09e79bcd32c7a07f97619268ae,https://www.centralbank.ie/docs/default-source/careers/policies/smoke-free-workplace-policyc2da47a1-250d-4cca-b0e2-a6ac5b9094e4.pdf?sfvrsn=1f63981d_4,pdf,PDF,pymupdf4llm,False,source-page,6,2,0.3333,2999,499.8,0,success,gappy,2/6 pages hold under 30 non-space characters (33%)
aaf695be94e4fe3648b5b32db0b9ee0a6ad1bb74c0d69ba29b15bd0c5153a51d,https://www.centralbank.ie/docs/default-source/regulation/industry-market-sectors/credit-unions/communications/presentations/2023-information-seminar/restructuring-update-2023.pdf?sfvrsn=f069d1d_4,pdf,PDF,pymupdf4llm,False,source-page,3,1,0.3333,1550,516.7,0,success,gappy,1/3 pages hold under 30 non-space characters (33%)
024f6748ff9d55d411c3c4fa542575b0a511b0a762467ea61cce0a4b5c45caf4,https://www.centralbank.ie/docs/default-source/publications/financial-stability-review/financial-stability/fsr-2023-ii-presentation.pdf,pdf,PDF,pymupdf4llm,False,source-page,12,4,0.3333,6428,535.7,0,success,gappy,4/12 pages hold under 30 non-space characters (33%)
0b90e5ae497cb26940d8c63dccb1c3bfe920851c4f0d2604d9908a94dc7bc744,https://www.centralbank.ie/docs/default-source/publications/consultation-papers/cp76/killorglin-credit-union-response-to-cp76.pdf?sfvrsn=8c4d81d_4,pdf,PDF,pymupdf4llm,False,source-page,2,1,0.5,1143,571.5,0,success,gappy,1/2 pages hold under 30 non-space characters (50%)
2a6b9a97b6bc32ca8774e15bbdcd2c1132a638d6db4f7f7b8838dda47dbcd963,https://www.centralbank.ie/docs/default-source/tns/about---tns/freedom-of-information/media-requests/foi-2024-001527-record.pdf?sfvrsn=c955611a_1,pdf,PDF,pymupdf4llm,False,source-page,12,4,0.3333,7253,604.4,0,success,gappy,4/12 pages hold under 30 non-space characters (33%)
55d0f594eead62248d08ca661d9862f380877a28dd38bac964b4cdca5a680be3,https://www.centralbank.ie/docs/default-source/publications/consultation-papers/cp88/tallaght-and-district-credit-union-response-to-cp88.pdf?sfvrsn=d1a1d81d_4,pdf,PDF,pymupdf4llm,False,source-page,5,2,0.4,3328,665.6,0,success,gappy,2/5 pages hold under 30 non-space characters (40%)
96e3e412181e3ce7b0561380788af84e24b9f92acff317692b7289e43bba05e9,https://www.centralbank.ie/docs/default-source/publications/consultation-papers/cp76/arklow-credit-union-response-to-cp76.pdf?sfvrsn=fc4d81d_4,pdf,PDF,pymupdf4llm,False,source-page,3,1,0.3333,2073,691.0,0,success,gappy,1/3 pages hold under 30 non-space characters (33%)
5052968c58627de4984628dc4e1eb6b8a2ca553154992691c0a93c4cb4c8298a,https://www.centralbank.ie/docs/default-source/regulation/consumer-protection/other-codes-of-conduct/payment-account-services-list.pdf?sfvrsn=fef3ac1d_6,pdf,PDF,pymupdf4llm,False,source-page,3,1,0.3333,2095,698.3,0,success,gappy,1/3 pages hold under 30 non-space characters (33%)
208fff7247254560e057ae22f1c5c52815f0d6fed6ff26296775c0b8a111cfc1,https://www.centralbank.ie/docs/default-source/publications/consultation-papers/cp142/matheson-response-to-cp142.pdf?sfvrsn=f832921d_4,pdf,PDF,pymupdf4llm,False,source-page,2,1,0.5,1406,703.0,0,success,gappy,1/2 pages hold under 30 non-space characters (50%)
20e2aab71b5bed281523156d86c4f8ed2f5d50ef88710b9c12aa5df2b4ef520b,https://www.centralbank.ie/docs/default-source/publications/discussion-papers/discussion-paper-8/eversheds-sutherland-response-to-dp8.pdf?sfvrsn=ef96b91d_2,pdf,PDF,pymupdf4llm,False,source-page,2,1,0.5,1480,740.0,0,success,gappy,1/2 pages hold under 30 non-space characters (50%)
c28366c446cda647c2162dbe9c3981aaa5f5d49c413924fcfdfe1380d354c26d,https://www.centralbank.ie/docs/default-source/publications/consultation-papers/cp158/the-bottom-line-response-to-cp158.pdf?sfvrsn=a576a1a_2,pdf,PDF,pymupdf4llm,False,source-page,2,1,0.5,1497,748.5,0,success,gappy,1/2 pages hold under 30 non-space characters (50%)
b047ff77ffabead4a5d311133c9a6127cb9ca29779ca208361e7b2ce6fb162b6,https://centralbank.ie/docs/default-source/statistics/data-and-analysis/credit-and-banking-statistics/credit-and-debit-card-statistics/credit-and-debit-card-statistics-september-2016.pdf?sfvrsn=7,pdf,PDF,pymupdf4llm,False,source-page,5,2,0.4,3752,750.4,0,success,gappy,2/5 pages hold under 30 non-space characters (40%)
093d2ce7d4a2475d07fa113ba45abd0ba22a454e905c1b700ba1a0942eb7113a,https://www.centralbank.ie/docs/default-source/tns/about---tns/freedom-of-information/media-requests/foi-records-9-to-26---may-2023.pdf?sfvrsn=31dd9f1d_1,pdf,PDF,pymupdf4llm,False,source-page,64,22,0.3438,48464,757.2,0,success,gappy,22/64 pages hold under 30 non-space characters (34%)
639f41606b41625b405483b5f1585bdcdfb711cd2d2630656b27e518424e3027,https://www.centralbank.ie/docs/default-source/publications/consultation-papers/cp88/piercestown-and-district-credit-union-response-to-cp88.pdf?sfvrsn=46a0d81d_4,pdf,PDF,pymupdf4llm,False,source-page,2,1,0.5,1572,786.0,0,success,gappy,1/2 pages hold under 30 non-space characters (50%)
f8954da643224d120ddae9857178ca88551eb01b20e99b6ec90b2cc35310df1c,https://www.centralbank.ie/docs/default-source/publications/discussion-papers/discussion-paper-5/lloyd's-ireland-representative-limited---discussion-paper-on-payment-of-commission-to-intermediaries.pdf?sfvrsn=4972d91d_2,pdf,PDF,pymupdf4llm,True,source-page,2,1,0.5,1608,804.0,0,success,gappy,1/2 pages hold under 30 non-space characters (50%)
326c3f36dcada1f98b9ef0b2d53f05176b0fd3140fc8cc2d61c17f801e6e9026,https://www.centralbank.ie/docs/default-source/regulation/consumer-protection/compliance-monitoring/reviews-and-research/legal-costs-on-mortgage-accounts-in-arrears-june-2021.pdf?sfvrsn=5ed8f1d_4,pdf,PDF,pymupdf4llm,False,source-page,3,1,0.3333,2571,857.0,0,success,gappy,1/3 pages hold under 30 non-space characters (33%)
a2dce0910984315355974877570722b8d057246620d54dbe0470e7caddf18cdd,https://www.centralbank.ie/docs/default-source/tns/events/mmfr-conference-agenda.pdf?sfvrsn=fc05901d_2,pdf,PDF,pymupdf4llm,False,source-page,3,1,0.3333,2741,913.7,0,success,gappy,1/3 pages hold under 30 non-space characters (33%)
77562457607b943fdbe98d56fb6776e40863537a98974e23b9b28c368aae345d,https://www.centralbank.ie/docs/default-source/publications/quarterly-bulletins/qb-archive/2015/qb4-15/qb4-2015-statistical-appendix.pdf?sfvrsn=453ad11d_2,pdf,PDF,pymupdf4llm,False,source-page,3,1,0.3333,2828,942.7,0,success,gappy,1/3 pages hold under 30 non-space characters (33%)
a829b6690ac01d325c5b63e75eb4435895f2ae99bcf5e55422a72d62042fd1dd,https://www.centralbank.ie/docs/default-source/publications/quarterly-bulletins/qb-archive/2016/qb2-16/qb2-2016-statistical-appendix.pdf?sfvrsn=fc77d01d_2,pdf,PDF,pymupdf4llm,False,source-page,3,1,0.3333,2828,942.7,0,success,gappy,1/3 pages hold under 30 non-space characters (33%)
0a0aaf1003dc3cee54a38285a068d11d14d7d133bd08416e4325b5871a206ec6,https://www.centralbank.ie/docs/default-source/publications/consultation-papers/cp166/banking-payments-federation-ireland--response-to-cp166.pdf?sfvrsn=d48c731a_3,pdf,PDF,pymupdf4llm,False,source-page,2,1,0.5,1915,957.5,0,success,gappy,1/2 pages hold under 30 non-space characters (50%)
83ee986f57edd3e501a295f865caf66307e1ca04966079bb246bbd98ea18db64,https://www.centralbank.ie/docs/default-source/tns/about---tns/appointment-diaries/2025-governor-makhlouf's-appointment-diary-(jan---sep).pdf?sfvrsn=2fe56f1a_4,pdf,PDF,pymupdf4llm,False,source-page,53,2,0.0377,51004,962.3,118,success,garbled,118 replacement characters over 51004 non-space characters
9c78dc2f9a435ffb0538bd78d770bcab1758c40786a08e87fae3b9eaefc4e3f9,https://www.centralbank.ie/docs/default-source/regulation/consumer-protection/other-codes-of-conduct/5-gns-4-2-7-letter-debt-m.pdf?sfvrsn=4c5dd71d_6,pdf,PDF,pymupdf4llm,False,source-page,2,1,0.5,1947,973.5,2,success,gappy,1/2 pages hold under 30 non-space characters (50%)
5010356f67e15339dd7f09d3acb6958b9771cfb9f1fbbf31ea20ae1436dac6f0,https://www.centralbank.ie/docs/default-source/statistics/economic-statistics-mou.pdf?sfvrsn=e931921d_2,pdf,PDF,pymupdf4llm,True,source-page,16,8,0.5,15674,979.6,1,success,gappy,8/16 pages hold under 30 non-space characters (50%)
dbd14714fe497e1679ca222cefb2a9fffae548e3b39f9a0474d3ffd1108d3824,https://www.centralbank.ie/docs/default-source/regulation/industry-market-sectors/credit-institutions/regulatory-requirements/gns-4-4-3-2-regulatory-notice---section-59-(6).pdf?sfvrsn=1b17d61d_6,pdf,PDF,pymupdf4llm,False,source-page,3,1,0.3333,2987,995.7,0,success,gappy,1/3 pages hold under 30 non-space characters (33%)
99821e12e218ecf7df5cb44e8bae0386a702ad1fcd64a5cc0b3f9ca476b81b61,https://www.centralbank.ie/docs/default-source/regulation/how-we-regulate/supervision/statistical-data/gns-4-1-2-2-3-operational-risk-data-2014.pdf?sfvrsn=e479d61d_4,pdf,PDF,pymupdf4llm,False,source-page,2,1,0.5,2046,1023.0,0,success,gappy,1/2 pages hold under 30 non-space characters (50%)
4ed5f5f19e0c71ca884b4c27cfcb512cfe06c1fb1e688959c930b3221abd8a6b,https://www.centralbank.ie/docs/default-source/publications/consultation-papers/cp41/cp41-feedback-from-credit-agricole-creditor-insurance.pdf?sfvrsn=ac40da1d_2,pdf,PDF,pymupdf4llm,True,source-page,6,2,0.3333,6148,1024.7,0,success,gappy,2/6 pages hold under 30 non-space characters (33%)
c06874454fc4f15da60a29895025bd17b1e21d112b768adb3f7ad19c621f6439,https://www.centralbank.ie/docs/default-source/publications/consultation-papers/cp33/marlboro-trust-limited.pdf?sfvrsn=5d3bd51d_2,pdf,PDF,pymupdf4llm,False,source-page,2,1,0.5,2102,1051.0,0,success,gappy,1/2 pages hold under 30 non-space characters (50%)
4e68cb5c35e01e99f986765da6752aee8b57e07e742684e8047467471c431eed,https://www.centralbank.ie/docs/default-source/publications/consultation-papers/cp51/cp51-feedback-from-standard-life-(1).pdf?sfvrsn=e2cdd51d_0,pdf,PDF,pymupdf4llm,False,source-page,3,1,0.3333,3399,1133.0,0,success,gappy,1/3 pages hold under 30 non-space characters (33%)
742718fcd0e9907ac5fc78cd1a03c6cc680b5933e99744d77dc996707c67be1d,https://www.centralbank.ie/docs/default-source/publications/consultation-papers/cp76/muintir-clanna-caoilte-credit-union-response-to-cp76.pdf?sfvrsn=89d7d81d_4,pdf,PDF,pymupdf4llm,False,source-page,3,1,0.3333,3784,1261.3,0,success,gappy,1/3 pages hold under 30 non-space characters (33%)
10fdc154d32819dcc3a912fe60eea105cf7609c0cfe82381efa4cb44ac3179ed,https://www.centralbank.ie/docs/default-source/publications/consultation-papers/cp87/anne-ferris-td-response-to-cp87.pdf?sfvrsn=44c7de1d_4,pdf,PDF,pymupdf4llm,False,source-page,2,1,0.5,2546,1273.0,0,success,gappy,1/2 pages hold under 30 non-space characters (50%)
cb5d121d27693642788b224e5eab19bedc70df274382e30a0efcfa4e17bfd0b7,https://www.centralbank.ie/docs/default-source/publications/consultation-papers/cp88/drogheda-credit-union-response-to-cp88.pdf?sfvrsn=a7a0d81d_4,pdf,PDF,pymupdf4llm,False,source-page,3,1,0.3333,3850,1283.3,0,success,gappy,1/3 pages hold under 30 non-space characters (33%)
ec61e643df873cf66f6bc1bc8f1dc575d965a9dc3c3a5f5feeaf20f78b405b17,https://www.centralbank.ie/docs/default-source/publications/consultation-papers/cp45/cp45-submission-from-brokers-federation-of-ireland.pdf?sfvrsn=d9a6df1d_2,pdf,PDF,pymupdf4llm,False,source-page,3,1,0.3333,3920,1306.7,0,success,gappy,1/3 pages hold under 30 non-space characters (33%)
585ca7b5d435ca10693e9d1b10c916e7c2d4da2539f40c0f577c701d29790fa0,https://www.centralbank.ie/docs/default-source/publications/consultation-papers/cp88/bray-credit-union-response-to-cp88.pdf?sfvrsn=4ea9d81d_4,pdf,PDF,pymupdf4llm,False,source-page,2,1,0.5,2677,1338.5,0,success,gappy,1/2 pages hold under 30 non-space characters (50%)
31187791e221ddbc6e4b1b3ebcafd3fc978b3eb4b427462500c5e935b42dfae6,https://www.centralbank.ie/docs/default-source/regulation/consumer-protection/compliance-monitoring/reviews-and-research/gns4-2-1-1-sale-of-inv-prods-250608.pdf?sfvrsn=16cfd61d_8,pdf,PDF,pymupdf4llm,False,source-page,3,1,0.3333,4020,1340.0,0,success,gappy,1/3 pages hold under 30 non-space characters (33%)
f0f76283208544adba74f9fbfa13edce87a7a7eb519e41aebdd35b99d593f2d1,https://www.centralbank.ie/docs/default-source/regulation/consumer-protection/compliance-monitoring/themed-inspections/credit-institutions-and-mortgage-lending/gns4-2-1-2-sale-of-inv-prods-250608.pdf?sfvrsn=fbf7d61d_6,pdf,PDF,pymupdf4llm,False,source-page,3,1,0.3333,4020,1340.0,0,success,gappy,1/3 pages hold under 30 non-space characters (33%)
4fe7912486dc182127381a792ab478d464f3f6ee22b860c3cc53572caac313ab,https://www.centralbank.ie/docs/default-source/publications/consultation-papers/cp41/cp41-feedback-from-hartford-life-ltd.pdf?sfvrsn=8440da1d_4,pdf,PDF,pymupdf4llm,False,source-page,22,1,0.0455,29684,1349.3,96,success,garbled,96 replacement characters over 29684 non-space characters
8cda9c1abf0be0a147edf1ded29eae7e7c47397f3e16d691b2eae40d88c9b432,https://www.centralbank.ie/docs/default-source/publications/consultation-papers/cp96/situs-asset-management-limited-response-to-cp96.pdf?sfvrsn=4491d81d_4,pdf,PDF,pymupdf4llm,False,source-page,2,1,0.5,2716,1358.0,0,success,gappy,1/2 pages hold under 30 non-space characters (50%)
e11b2651818c2e754b48e66fe80d53d4ff4a817d05a3bd42d26439291d1209e5,https://www.centralbank.ie/docs/default-source/regulation/industry-market-sectors/credit-unions/communications/circulars/2013-05-21-circular-re-information-seminars-final.pdf?sfvrsn=b7e3d41d_6,pdf,PDF,pymupdf4llm,True,source-page,3,0,0.0,4107,1369.0,9,success,garbled,9 replacement characters over 4107 non-space characters
cda443051ed86032c3c3733499e9efbf244959543e6415e6f0ae1703abeedd18,https://www.centralbank.ie/docs/default-source/publications/consultation-papers/cp86/paul-halley.pdf?sfvrsn=5ec9de1d_4,pdf,PDF,pymupdf4llm,False,source-page,3,1,0.3333,4133,1377.7,0,success,gappy,1/3 pages hold under 30 non-space characters (33%)
76c57ac5d5ee6852ffa04a0f0531f665b92c0cec3f720be115008c34a5a859b4,https://www.centralbank.ie/docs/default-source/publications/consultation-papers/cp115/insurance-ireland-response-to-cp115.pdf?sfvrsn=6a16ad1d_2,pdf,PDF,pymupdf4llm,True,source-page,2,1,0.5,2850,1425.0,0,success,gappy,1/2 pages hold under 30 non-space characters (50%)
6114e94b1da50b382d8938b466354163a210a01201e4209284212867f366d3d7,https://www.centralbank.ie/docs/default-source/regulation/consumer-protection/compliance-monitoring/themed-inspections/credit-institutions-and-mortgage-lending/gns4-2-1-2-exam-arrs-repos-hndg-procs.pdf?sfvrsn=8ff5d61d_6,pdf,PDF,pymupdf4llm,False,source-page,3,1,0.3333,4277,1425.7,0,success,gappy,1/3 pages hold under 30 non-space characters (33%)
bcd5587a4cdd32fadb840e68581274613e1d628fa1fed2b18885584910e16d1e,https://www.centralbank.ie/docs/default-source/publications/consultation-papers/cp60/lk-shields.pdf?sfvrsn=e785d51d_0,pdf,PDF,pymupdf4llm,False,source-page,3,1,0.3333,4459,1486.3,0,success,gappy,1/3 pages hold under 30 non-space characters (33%)
162997f19e91023ec3b753758c61a7813ccff3eafee9a50c5e887a261d5ce37e,https://www.centralbank.ie/docs/default-source/publications/consultation-papers/cp136/fire-financial-services-response-to-cp136.pdf?sfvrsn=954921d_4,pdf,PDF,pymupdf4llm,False,source-page,3,1,0.3333,4482,1494.0,0,success,gappy,1/3 pages hold under 30 non-space characters (33%)
5571429232acfcd3329b0bc6f2a20b4a602e2cafe31e0b39e747343759ba8532,https://www.centralbank.ie/docs/default-source/publications/consultation-papers/cp46/cp46-submission-from-the-ibf.pdf?sfvrsn=3a99df1d_2,pdf,PDF,pymupdf4llm,False,source-page,9,4,0.4444,14574,1619.3,0,success,gappy,4/9 pages hold under 30 non-space characters (44%)
c8da6fc252e015e0c46db8d5a111a340f4bec256bfecb3232aed5d4f95cca48f,https://www.centralbank.ie/docs/default-source/publications/consultation-papers/cp88/north-longford-and-arva-credit-union-response-to-cp88.pdf?sfvrsn=49a0d81d_4,pdf,PDF,pymupdf4llm,False,source-page,9,3,0.3333,14969,1663.2,0,success,gappy,3/9 pages hold under 30 non-space characters (33%)
c3aff3578cd55e6d0d7c4b3696e343b0374d79caef5ab5594b1d65d7f3db3478,https://www.centralbank.ie/docs/default-source/publications/consultation-papers/cp76/chapter-13-response-to-cp76.pdf?sfvrsn=143bd81d_4,pdf,PDF,pymupdf4llm,False,source-page,6,1,0.1667,11640,1940.0,11371,success,garbled,11371 replacement characters over 11640 non-space characters
2ae72612d7087dbaa6271200d6b4ac7a33b2978260b6e3201ecfb00c45b8532e,https://www.centralbank.ie/docs/default-source/publications/consultation-papers/cp158/irish-mifid-industry-association-response-to-cp158.pdf?sfvrsn=bc4c6a1a_2,pdf,PDF,pymupdf4llm,False,source-page,5,0,0.0,9781,1956.2,108,success,garbled,108 replacement characters over 9781 non-space characters
69bfbfc0757b21b9ff3951525957e499b05d84905976b7b37306ceb8963b62ef,https://www.centralbank.ie/docs/default-source/publications/consultation-papers/cp159/lifford-credit-union-response-to-cp159.pdf?sfvrsn=2fd6691a_4,pdf,PDF,pymupdf4llm,False,source-page,1,0,0.0,1966,1966.0,10,success,garbled,10 replacement characters over 1966 non-space characters
c286e7f83347a4af339c84e3393bb255fbfcea3c8f3ac6d5a9aaa251296942f9,https://www.centralbank.ie/docs/default-source/publications/financial-measures-programme/the-financial-measures-programme-report.pdf?sfvrsn=6bd4ac1d_2,pdf,PDF,pymupdf4llm,False,source-page,92,8,0.087,187243,2035.2,9059,success,garbled,9059 replacement characters over 187243 non-space characters
237b5bcd583bfdd5d426d6c87451bb3ca30b50fce93cc1f146c6411a02c0b891,https://www.centralbank.ie/docs/default-source/careers/workingatcentralbank-benefits.pdf?sfvrsn=59e89e1d_3,pdf,PDF,pymupdf4llm,False,source-page,1,0,0.0,2208,2208.0,10,success,garbled,10 replacement characters over 2208 non-space characters
876d449a794b1a3447d1093b498e582d496d2c8fb5023320a447b10ab8d74b4b,https://www.centralbank.ie/docs/default-source/publications/consultation-papers/cp158/ornella-underwriting-limited-response-to-cp158.pdf?sfvrsn=a34d6a1a_2,pdf,PDF,pymupdf4llm,False,source-page,4,0,0.0,9308,2327.0,35,success,garbled,35 replacement characters over 9308 non-space characters
cdae3d8c6b97dc4c935c61aa6b30249cc133f79cbc1edf4b5e65ac456000b725,https://www.centralbank.ie/docs/default-source/publications/consultation-papers/cp60/a-and-l-goodbody.pdf?sfvrsn=3f86d51d_0,pdf,PDF,pymupdf4llm,False,source-page,10,0,0.0,24071,2407.1,82,success,garbled,82 replacement characters over 24071 non-space characters
73e4b0275021490c06c689956c26f22b20f4c9b4f6ac97b77434061b66097cca,https://www.centralbank.ie/docs/default-source/consumer-hub-library/eba-consumer-infographic-on-key-tips-to-protect-yourself-when-choosing-online-or-mobile-banking-services.pdf?sfvrsn=4420801d_4,pdf,PDF,pymupdf4llm,False,source-page,1,0,0.0,2597,2597.0,254,success,garbled,254 replacement characters over 2597 non-space characters
8ef18f636ef3b4e08c677d9797edd101f88fd43663eb259b6ac27f1ee661845b,https://www.centralbank.ie/docs/default-source/publications/consultation-papers/cp138/google-cloud-response-to-cp138.pdf?sfvrsn=94c0921d_4,pdf,PDF,pymupdf4llm,False,source-page,9,0,0.0,31839,3537.7,295,success,garbled,295 replacement characters over 31839 non-space characters
3796fe5b50192203425577aacc83703d678fec1af58bde6b5475d24b7bf323a9,https://www.centralbank.ie/docs/default-source/regulation/industry-market-sectors/funds/aifs/forms-(aifs)/retail-investor-aif-application-form-section-3-trust-deedc8afcb134644629bacc1ff0000269695.docx?sfvrsn=e9e8a91d_7,office,DOCX,python-docx 1.2.0,,explicit-page-break,3,1,0.3333,57769,19256.3,0,success,gappy,1/3 pages hold under 30 non-space characters (33%)
5567dd6ddff4d756cc77596e84af3e8a03df53047bdb3d08e39b7fc5c4a11259,https://www.centralbank.ie/docs/default-source/statistics/statistical-reporting-requirements/payment-services-providers/ecb-payment-statistics-regulation-update/reporting-instructions-v9.zip?sfvrsn=55a3691a_1,office,ZIP,zipfile-profile,,archive-member,11,0,0.0,236372,21488.4,98029,success,garbled,98029 replacement characters over 236372 non-space characters
8c94ea89a18448f842e209ca8c75d4ff13e42c8faf86effebb5b95a37f59190f,https://www.centralbank.ie/docs/default-source/regulation/amld-/ml-tf-risk-evaluation-questionnaire/fund-management-company-files-v1-0.zip?sfvrsn=108d711a_1,office,ZIP,zipfile-profile,,archive-member,3,0,0.0,74340,24780.0,31299,success,garbled,31299 replacement characters over 74340 non-space characters
dccf363af8aaa00ad1302ae9650ee1c884964797fd0140cdebd274c2f6aca31e,https://www.centralbank.ie/docs/default-source/regulation/amld-/ml-tf-risk-evaluation-questionnaire/fund-depositaries-files-v1-0.zip?sfvrsn=118d711a_1,office,ZIP,zipfile-profile,,archive-member,3,0,0.0,75894,25298.0,31944,success,garbled,31944 replacement characters over 75894 non-space characters
b3102d4ada3fc4b83355b9b3cd4d47c40bde529c19361187ce3c8f8b2c20cd5f,https://www.centralbank.ie/docs/default-source/regulation/amld-/ml-tf-risk-evaluation-questionnaire/casp-files-v1-0.zip?sfvrsn=48d76d1a_3,office,ZIP,zipfile-profile,,archive-member,3,0,0.0,77346,25782.0,31878,success,garbled,31878 replacement characters over 77346 non-space characters
d1aae6a89696f0f9fe0928a27a6eb727a0465ba92f714c4e01dee8c74db99348,https://www.centralbank.ie/docs/default-source/regulation/amld-/ml-tf-risk-evaluation-questionnaire/credit-union-files-v1-0.zip?sfvrsn=bf7a721a_4,office,ZIP,zipfile-profile,,archive-member,3,0,0.0,77412,25804.0,32620,success,garbled,32620 replacement characters over 77412 non-space characters
ccd43f54d0a485c7c4f70363ae390dcdac8e62d6d2134d60aeee74a68819f5fa,https://www.centralbank.ie/docs/default-source/regulation/amld-/ml-tf-risk-evaluation-questionnaire/investment-firm-files.zip?sfvrsn=90cf6c1a_16,office,ZIP,zipfile-profile,,archive-member,3,0,0.0,77466,25822.0,33143,success,garbled,33143 replacement characters over 77466 non-space characters
9fed5a3d91acddc4dd4298b367c505340259678fdc90413f8c66520a10d18415,https://www.centralbank.ie/docs/default-source/regulation/amld-/ml-tf-risk-evaluation-questionnaire/funds-administrators-files-v1-0.zip?sfvrsn=178d711a_1,office,ZIP,zipfile-profile,,archive-member,3,0,0.0,77474,25824.7,33055,success,garbled,33055 replacement characters over 77474 non-space characters
39f417cb48b8c03d96b170421428c12705e183bbd64581258d4c1410e9141ac8,https://www.centralbank.ie/docs/default-source/regulation/amld-/ml-tf-risk-evaluation-questionnaire/piemi-files.zip?sfvrsn=7ccf6c1a_17,office,ZIP,zipfile-profile,,archive-member,3,0,0.0,77556,25852.0,32711,success,garbled,32711 replacement characters over 77556 non-space characters
d0a713565321189bdc64ddbac48297a7e92707b3a90f8f54d2c86946caec0505,https://www.centralbank.ie/docs/default-source/regulation/amld-/ml-tf-risk-evaluation-questionnaire/life-insurance-files-v1-2.zip?sfvrsn=e7c8761a_3,office,ZIP,zipfile-profile,,archive-member,3,0,0.0,77612,25870.7,32542,success,garbled,32542 replacement characters over 77612 non-space characters
31d6d6a947c1273cbcd81a08c679b33c5686c3b69a1085552ff6702d5601d8bc,https://www.centralbank.ie/docs/default-source/regulation/amld-/ml-tf-risk-evaluation-questionnaire/credit-institution-files.zip?sfvrsn=acf6c1a_10,office,ZIP,zipfile-profile,,archive-member,3,0,0.0,77885,25961.7,32988,success,garbled,32988 replacement characters over 77885 non-space characters
c8aaf547b1c1f36a4b922c81d3c0dbd114166def6d216fe7fd09eabcd0b6897d,https://www.centralbank.ie/docs/default-source/regulation/industry-market-sectors/funds/aifs/forms-(aifs)/retail-investor-aif-application-form-section-3-deed-of-constitution5cafcb134644629bacc1ff0000269695.docx?sfvrsn=b6e8a91d_9,office,DOCX,python-docx 1.2.0,,explicit-page-break,3,1,0.3333,141550,47183.3,0,success,gappy,1/3 pages hold under 30 non-space characters (33%)
