source_sha256,authorship,consultation_id,title,source_url,reasons,assessment,basis,action,mitigation
25e6bc1de986a38a963f7e999ecb828395c388b093748fb700452aec8fdaffb6,central-bank,,Career Stories – Accessible Working,https://www.centralbank.ie/docs/default-source/careers/career-stories/career-stories-accessible-working.pdf?sfvrsn=7bef981d_6,first-person-individual,public-role,"Central Bank staff profile, published by the Bank for recruitment",preserve,"takedown on request, no justification required"
50bfac7354da79c99dd59c33101c5482e9dae0a487979b1d69da5c7bcb6a6e96,central-bank,,Career Stories – Leading in Economics,https://www.centralbank.ie/docs/default-source/careers/career-stories/career-stories-leading-in-economics.pdf?sfvrsn=8ce8981d_5,first-person-individual,public-role,"Central Bank staff profile, published by the Bank for recruitment",preserve,"takedown on request, no justification required"
c952f32c17d59dcc8faedfaeb41d0d162fe1f8b07f0970b151e317a48df95853,central-bank,,2025-01-29 Opening Statement of Mr Peter Hinchliffe,https://www.centralbank.ie/docs/default-source/news-and-media/legal-notices/inquiry-hearings/2025-01-29-opening-statement-of-mr-peter-hinchliffe.pdf?sfvrsn=b762651a_4,first-person-individual,public-role,"Statutory inquiry opening statement, deliberately public",preserve,"takedown on request, no justification required"
1882968daff6fb5e9e94a5463866e494253a7bfa6e332d2dd9964d59bba3fbc2,central-bank,,"Quinn Insurance Limited Inquiry - Opening Statement of Mr Justice Iarfhlaith O'Neill, Inquiry Chairp",https://www.centralbank.ie/docs/default-source/news-and-media/legal-notices/inquiry-hearings/qil-inquiry-opening-statement-mr-justice-iarfhlaith-o-neill.pdf?sfvrsn=241bb91d_6,first-person-individual,public-role,"Statutory inquiry opening statement, deliberately public",preserve,"takedown on request, no justification required"
eca932ac1e4dd003f061fc8f9c5080823b3b28431475bc04a78a325aa7532f35,central-bank,,IFSAT upholds Central Bank's Decision under Fitness & Probity Regime,https://www.centralbank.ie/docs/default-source/news-and-media/legal-notices/mr-david-redmond-(002).pdf?sfvrsn=4263db1d_8,personal-name-url,public-role,"Tribunal decision on a regulatory appeal, public record",preserve,"takedown on request, no justification required"
6767deb700f9fd380611307c15bccecf40fb82b6a52fc04da7177719f6ee8805,stakeholder,cp114,From: markxxxxxxxxxxxxxxxxxxxxxxxxxxxxxxxxx/mark,https://www.centralbank.ie/docs/default-source/publications/consultation-papers/cp114/individual-consumer-response-to-cp114.pdf?sfvrsn=cfd9b31d_2,first-person-individual,private-individual,Member of the public writing in a personal capacity,preserve,"takedown on request, no justification required"
1ced699340e6dc276d976dbb38c8b704e8dc8be25cb8404d2390c991c3f54458,stakeholder,cp141,RESPONSE RECEIVED BY EMAIL,https://www.centralbank.ie/docs/default-source/publications/consultation-papers/cp141/property-bridges-response-to-cp141.pdf?sfvrsn=2866931d_4,first-person-individual,private-individual,Member of the public writing in a personal capacity,preserve,"takedown on request, no justification required"
389db31328eee09971acbb9e4a6aba19a0fef0ce4d3ba2fe39f3c1495950c8b8,stakeholder,cp153,Comments on Regulation and Guidance under the Central Bank (Individual Accountability Framework) Act,https://www.centralbank.ie/docs/default-source/publications/consultation-papers/cp153/dr-chi-zhang-response-to-cp153.pdf?sfvrsn=642a9d1d_2,personal-name-url,public-role,Named professional commentary on regulation,preserve,"takedown on request, no justification required"
33ab299517c3c36bc7a853cd61c6b4bf5710330036201540e1567ac3c998e64b,stakeholder,cp157,Dr. Laura E. Kodres,https://www.centralbank.ie/docs/default-source/publications/consultation-papers/cp157/laura-e-kodres-response-to-cp157.pdf?sfvrsn=59f6631a_3,personal-name-title,public-role,Academic economist submitting in professional capacity,preserve,"takedown on request, no justification required"
ee4e4450074e57fab2fecb59aa32946ef126e517b7b19f77c1bcd83849382540,unresolved,cp33,"Mr Bernard Sheridan,",https://www.centralbank.ie/docs/default-source/publications/consultation-papers/cp33/department-of-social-and-family-affairs.pdf?sfvrsn=6d3ad51d_2,personal-name-title,public-role,"Central Bank Director of Consumer Protection, official capacity",preserve,"takedown on request, no justification required"
264ce60ed038db400d2d6f6fb15fe98e840d11434ed7d8e208b0d605ec4c1390,stakeholder,cp33,Miss Denise Melia,https://www.centralbank.ie/docs/default-source/publications/consultation-papers/cp33/practical-finance-limited.pdf?sfvrsn=e3c6d51d_2,personal-name-title,private-individual,Member of the public writing in a personal capacity,preserve,"takedown on request, no justification required"
e4d8dafd186f2eae1030ead9a6cc6874db457196a484bcc58ac53aa8f1764648,stakeholder,cp45,"SUBMISSION TO FINANCIAL REGULATOR ON REVIEW OF MINIMUM COMPETENCY REQUIREMENTS, CONSULTATION PAPER C",https://www.centralbank.ie/docs/default-source/publications/consultation-papers/cp45/cp45-submission-from-ian-long-aon-commercial-services-and-operations-ireland.pdf?sfvrsn=67a5df1d_2,first-person-individual,private-individual,Member of the public writing in a personal capacity,preserve,"takedown on request, no justification required"
6a8199135c265e896c61f9db951ddcfe92dc00718fcd6435cf490ac06073c40f,stakeholder,cp55,Ms Bernie Mooney,https://www.centralbank.ie/docs/default-source/publications/consultation-papers/cp55/cp55-submission-from-chambers-ireland.pdf?sfvrsn=ddecd51d_0,personal-name-title,private-individual,Member of the public writing in a personal capacity,preserve,"takedown on request, no justification required"
0a528fe34a27108ca1b55c1b23377ebc2ee27629daf76b85612c67ba6b15da05,stakeholder,cp56,Consultation Paper CP 56,https://www.centralbank.ie/docs/default-source/publications/consultation-papers/cp56/robert-t-r-woods.pdf?sfvrsn=defd51d_0,first-person-individual,private-individual,Member of the public writing in a personal capacity,preserve,"takedown on request, no justification required"
34439b48b01e2fd0085b781a80a14efef683faeefaf833fcbefcc439f30c5dd4,stakeholder,cp63,markCP63.C1 Submission/mark,https://www.centralbank.ie/docs/default-source/publications/consultation-papers/cp63/consumer-submissions-v3.pdf?sfvrsn=4e81d51d_0,first-person-individual,private-individual,Member of the public writing in a personal capacity,preserve,"takedown on request, no justification required"
70f51f97801257461305998007aca7a5c61eed841f7aa11d75f252c3847207a9,stakeholder,cp76,Herlihy.,https://www.centralbank.ie/docs/default-source/publications/consultation-papers/cp76/henry-bauress-response-to-cp76.pdf?sfvrsn=c3c4d81d_6,first-person-individual,private-individual,Member of the public writing in a personal capacity,preserve,"takedown on request, no justification required"
edb5ee127f2a616e23b00cb15d193dfe061d9cc6c97f21207c4050ee3763b732,stakeholder,cp87,Consumer and Individual Submissions to CP87,https://www.centralbank.ie/docs/default-source/publications/consultation-papers/cp87/consumer-and-individual-responses-to-cp87.pdf?sfvrsn=79c0de1d_6,first-person-individual,private-individual,Member of the public writing in a personal capacity,preserve,"takedown on request, no justification required"
26247dbd77bab3fc50b040defb93a50cecf2fcb415cad48aeaf617eed69da290,central-bank,,2019 Insurance Conference  Thriving in Challenging Times,https://www.centralbank.ie/docs/default-source/tns/events/prof-karel-van-hulle---solvency-ii-past-present-and-future.pdf?sfvrsn=b93db51d_2,personal-name-url,public-role,"Conference programme, speakers in professional capacity",preserve,"takedown on request, no justification required"
