document_id,source_sha256,page_number,characters,method,authorship,title
cbi:88b7974b60189f6233dc7e3740fc29265a9e234db606fda1f6b59272c0f88305,88b7974b60189f6233dc7e3740fc29265a9e234db606fda1f6b59272c0f88305,21,81,ocr,central-bank,internal-disclosures-policy
cbi:8b042425ce8ee9d97452352d6f44acd71a8504cfd8c4c2c4c404966cb680b4d0,8b042425ce8ee9d97452352d6f44acd71a8504cfd8c4c2c4c404966cb680b4d0,1,143,ocr,central-bank,2017 Review of Mortgage Market Measures
cbi:d23eb30afc652ba05ab27935f468cb2f907ba3b24ab78d8960383b540fcb3c39,d23eb30afc652ba05ab27935f468cb2f907ba3b24ab78d8960383b540fcb3c39,1,88,ocr,central-bank,2018 Review of Mortgage Market Measures
cbi:8de6b68ce0b7036586b562e60c70e2d2bc780f242fc8755d3cb6ddf44f9fbbb9,8de6b68ce0b7036586b562e60c70e2d2bc780f242fc8755d3cb6ddf44f9fbbb9,10,1887,ocr,central-bank,Determination re Procedure for Identifying Witnesses and Obtaining Statement
cbi:8de6b68ce0b7036586b562e60c70e2d2bc780f242fc8755d3cb6ddf44f9fbbb9,8de6b68ce0b7036586b562e60c70e2d2bc780f242fc8755d3cb6ddf44f9fbbb9,11,905,ocr,central-bank,Determination re Procedure for Identifying Witnesses and Obtaining Statement
cbi:8de6b68ce0b7036586b562e60c70e2d2bc780f242fc8755d3cb6ddf44f9fbbb9,8de6b68ce0b7036586b562e60c70e2d2bc780f242fc8755d3cb6ddf44f9fbbb9,12,1625,ocr,central-bank,Determination re Procedure for Identifying Witnesses and Obtaining Statement
cbi:122b0bd1c9758149fd4b2617bf791f3e1deba7941b4d8a30dc41c9870de89160,122b0bd1c9758149fd4b2617bf791f3e1deba7941b4d8a30dc41c9870de89160,2,2007,ocr,central-bank,Prohibition Notice  Michael Kearns (redactions highlighted).pdf
cbi:122b0bd1c9758149fd4b2617bf791f3e1deba7941b4d8a30dc41c9870de89160,122b0bd1c9758149fd4b2617bf791f3e1deba7941b4d8a30dc41c9870de89160,3,3078,ocr,central-bank,Prohibition Notice  Michael Kearns (redactions highlighted).pdf
cbi:122b0bd1c9758149fd4b2617bf791f3e1deba7941b4d8a30dc41c9870de89160,122b0bd1c9758149fd4b2617bf791f3e1deba7941b4d8a30dc41c9870de89160,4,2364,ocr,central-bank,Prohibition Notice  Michael Kearns (redactions highlighted).pdf
cbi:122b0bd1c9758149fd4b2617bf791f3e1deba7941b4d8a30dc41c9870de89160,122b0bd1c9758149fd4b2617bf791f3e1deba7941b4d8a30dc41c9870de89160,5,2846,ocr,central-bank,Prohibition Notice  Michael Kearns (redactions highlighted).pdf
cbi:122b0bd1c9758149fd4b2617bf791f3e1deba7941b4d8a30dc41c9870de89160,122b0bd1c9758149fd4b2617bf791f3e1deba7941b4d8a30dc41c9870de89160,6,2810,ocr,central-bank,Prohibition Notice  Michael Kearns (redactions highlighted).pdf
cbi:122b0bd1c9758149fd4b2617bf791f3e1deba7941b4d8a30dc41c9870de89160,122b0bd1c9758149fd4b2617bf791f3e1deba7941b4d8a30dc41c9870de89160,7,2629,ocr,central-bank,Prohibition Notice  Michael Kearns (redactions highlighted).pdf
cbi:122b0bd1c9758149fd4b2617bf791f3e1deba7941b4d8a30dc41c9870de89160,122b0bd1c9758149fd4b2617bf791f3e1deba7941b4d8a30dc41c9870de89160,8,2329,ocr,central-bank,Prohibition Notice  Michael Kearns (redactions highlighted).pdf
cbi:122b0bd1c9758149fd4b2617bf791f3e1deba7941b4d8a30dc41c9870de89160,122b0bd1c9758149fd4b2617bf791f3e1deba7941b4d8a30dc41c9870de89160,9,3108,ocr,central-bank,Prohibition Notice  Michael Kearns (redactions highlighted).pdf
cbi:122b0bd1c9758149fd4b2617bf791f3e1deba7941b4d8a30dc41c9870de89160,122b0bd1c9758149fd4b2617bf791f3e1deba7941b4d8a30dc41c9870de89160,10,3139,ocr,central-bank,Prohibition Notice  Michael Kearns (redactions highlighted).pdf
cbi:122b0bd1c9758149fd4b2617bf791f3e1deba7941b4d8a30dc41c9870de89160,122b0bd1c9758149fd4b2617bf791f3e1deba7941b4d8a30dc41c9870de89160,11,3215,ocr,central-bank,Prohibition Notice  Michael Kearns (redactions highlighted).pdf
cbi:122b0bd1c9758149fd4b2617bf791f3e1deba7941b4d8a30dc41c9870de89160,122b0bd1c9758149fd4b2617bf791f3e1deba7941b4d8a30dc41c9870de89160,12,3176,ocr,central-bank,Prohibition Notice  Michael Kearns (redactions highlighted).pdf
cbi:122b0bd1c9758149fd4b2617bf791f3e1deba7941b4d8a30dc41c9870de89160,122b0bd1c9758149fd4b2617bf791f3e1deba7941b4d8a30dc41c9870de89160,13,2146,ocr,central-bank,Prohibition Notice  Michael Kearns (redactions highlighted).pdf
cbi:122b0bd1c9758149fd4b2617bf791f3e1deba7941b4d8a30dc41c9870de89160,122b0bd1c9758149fd4b2617bf791f3e1deba7941b4d8a30dc41c9870de89160,14,3386,ocr,central-bank,Prohibition Notice  Michael Kearns (redactions highlighted).pdf
cbi:122b0bd1c9758149fd4b2617bf791f3e1deba7941b4d8a30dc41c9870de89160,122b0bd1c9758149fd4b2617bf791f3e1deba7941b4d8a30dc41c9870de89160,15,2645,ocr,central-bank,Prohibition Notice  Michael Kearns (redactions highlighted).pdf
cbi:122b0bd1c9758149fd4b2617bf791f3e1deba7941b4d8a30dc41c9870de89160,122b0bd1c9758149fd4b2617bf791f3e1deba7941b4d8a30dc41c9870de89160,16,2378,ocr,central-bank,Prohibition Notice  Michael Kearns (redactions highlighted).pdf
cbi:aed32362f1207b2ef6087407bf359043508c17108d6a0c5a8f598d71a34e4420,aed32362f1207b2ef6087407bf359043508c17108d6a0c5a8f598d71a34e4420,8,1,ocr,central-bank,"Protecting Consumers, Investors and SMEs during Covid-19"
cbi:4491c37b0cefe741c4a4ae95489c15ab8daf142c6ca230a0c4eab53b1d8e3611,4491c37b0cefe741c4a4ae95489c15ab8daf142c6ca230a0c4eab53b1d8e3611,4,86,ocr,central-bank,‘’
cbi:7b28740fc75559f930b46ec9b07187bd90d1c46a70787b3262dfdd26c3d023ce,7b28740fc75559f930b46ec9b07187bd90d1c46a70787b3262dfdd26c3d023ce,17,1,ocr,central-bank,Annexes
cbi:7b28740fc75559f930b46ec9b07187bd90d1c46a70787b3262dfdd26c3d023ce,7b28740fc75559f930b46ec9b07187bd90d1c46a70787b3262dfdd26c3d023ce,18,38,ocr,central-bank,Annexes
cbi:7b28740fc75559f930b46ec9b07187bd90d1c46a70787b3262dfdd26c3d023ce,7b28740fc75559f930b46ec9b07187bd90d1c46a70787b3262dfdd26c3d023ce,19,7,ocr,central-bank,Annexes
cbi:7b28740fc75559f930b46ec9b07187bd90d1c46a70787b3262dfdd26c3d023ce,7b28740fc75559f930b46ec9b07187bd90d1c46a70787b3262dfdd26c3d023ce,31,7,ocr,central-bank,Annexes
cbi:3cac5fb98327a328e1c8a5bf839f360f4b3b935ac076490c691a045b709f1838,3cac5fb98327a328e1c8a5bf839f360f4b3b935ac076490c691a045b709f1838,25,2,ocr,central-bank,CENTRAL BANK OF IRELAND
cbi:3cac5fb98327a328e1c8a5bf839f360f4b3b935ac076490c691a045b709f1838,3cac5fb98327a328e1c8a5bf839f360f4b3b935ac076490c691a045b709f1838,38,37,ocr,central-bank,CENTRAL BANK OF IRELAND
cbi:d4cb9fc067ef4d3a3694eaa359dd9ffe88799c5d6a6b355186718df556cd0027,d4cb9fc067ef4d3a3694eaa359dd9ffe88799c5d6a6b355186718df556cd0027,55,2,ocr,central-bank,Circulated to Commission Members on 16 June 2017
cbi:d4cb9fc067ef4d3a3694eaa359dd9ffe88799c5d6a6b355186718df556cd0027,d4cb9fc067ef4d3a3694eaa359dd9ffe88799c5d6a6b355186718df556cd0027,56,37,ocr,central-bank,Circulated to Commission Members on 16 June 2017
cbi:d4cb9fc067ef4d3a3694eaa359dd9ffe88799c5d6a6b355186718df556cd0027,d4cb9fc067ef4d3a3694eaa359dd9ffe88799c5d6a6b355186718df556cd0027,57,2,ocr,central-bank,Circulated to Commission Members on 16 June 2017
cbi:d990f889928b1687c014903d854331e6fde3b735fb8b343da23fd7b487663ad8,d990f889928b1687c014903d854331e6fde3b735fb8b343da23fd7b487663ad8,52,37,ocr,central-bank,CENTRAL BANK OF IRELAND
cbi:d990f889928b1687c014903d854331e6fde3b735fb8b343da23fd7b487663ad8,d990f889928b1687c014903d854331e6fde3b735fb8b343da23fd7b487663ad8,56,37,ocr,central-bank,CENTRAL BANK OF IRELAND
cbi:d990f889928b1687c014903d854331e6fde3b735fb8b343da23fd7b487663ad8,d990f889928b1687c014903d854331e6fde3b735fb8b343da23fd7b487663ad8,59,2,ocr,central-bank,CENTRAL BANK OF IRELAND
cbi:5f9696c26a3d7c9ee496b49a5d765f6c0337c30d59bb6907886c50b12a63bdd2,5f9696c26a3d7c9ee496b49a5d765f6c0337c30d59bb6907886c50b12a63bdd2,39,2,ocr,central-bank,CENTRAL BANK OF IRELAND
cbi:5f9696c26a3d7c9ee496b49a5d765f6c0337c30d59bb6907886c50b12a63bdd2,5f9696c26a3d7c9ee496b49a5d765f6c0337c30d59bb6907886c50b12a63bdd2,41,2,ocr,central-bank,CENTRAL BANK OF IRELAND
cbi:5f9696c26a3d7c9ee496b49a5d765f6c0337c30d59bb6907886c50b12a63bdd2,5f9696c26a3d7c9ee496b49a5d765f6c0337c30d59bb6907886c50b12a63bdd2,63,205,ocr,central-bank,CENTRAL BANK OF IRELAND
cbi:5f9696c26a3d7c9ee496b49a5d765f6c0337c30d59bb6907886c50b12a63bdd2,5f9696c26a3d7c9ee496b49a5d765f6c0337c30d59bb6907886c50b12a63bdd2,64,189,ocr,central-bank,CENTRAL BANK OF IRELAND
cbi:5f9696c26a3d7c9ee496b49a5d765f6c0337c30d59bb6907886c50b12a63bdd2,5f9696c26a3d7c9ee496b49a5d765f6c0337c30d59bb6907886c50b12a63bdd2,65,2,ocr,central-bank,CENTRAL BANK OF IRELAND
cbi:5e14b3543d03024248874721ebef4eb71279b0ded0e07c12b84da7fd90241117,5e14b3543d03024248874721ebef4eb71279b0ded0e07c12b84da7fd90241117,40,101,ocr,central-bank,Brexit Task Force: September 2016 Update
cbi:15e86b0f4260395482929f246962c4eb64c8002ed8ff8c796fcf942c90339c78,15e86b0f4260395482929f246962c4eb64c8002ed8ff8c796fcf942c90339c78,6,21,ocr,stakeholder,Question 1 Do you have any views on the proposals to enhance the transparency measures for fixed int
cbi:653e62c58dc31f22ed23ba3d1f32a09c018608032d6d65e70a5cca40ec38c618,653e62c58dc31f22ed23ba3d1f32a09c018608032d6d65e70a5cca40ec38c618,2,9,ocr,stakeholder,BROKERS IRELAND RESPONSE TO CP 114
cbi:931968c43792bf4306abd5f26e0cbd0b4b28f803820b0fdef5056390450d7ac7,931968c43792bf4306abd5f26e0cbd0b4b28f803820b0fdef5056390450d7ac7,6,21,ocr,stakeholder,Proposal 3: Financial System Conference
cbi:162997f19e91023ec3b753758c61a7813ccff3eafee9a50c5e887a261d5ce37e,162997f19e91023ec3b753758c61a7813ccff3eafee9a50c5e887a261d5ce37e,1,823,ocr,stakeholder,1 PSP information:
cbi:9761aac68f9571ff470440502b767948f3207039cfae808af06a1b6e75871bfc,9761aac68f9571ff470440502b767948f3207039cfae808af06a1b6e75871bfc,1,2850,ocr,stakeholder,insolvency service or ireland response to cp136
cbi:656d3780d20d70d80b58ad37f4cdb29488b58279771898efb7789e2cc1c1cfbe,656d3780d20d70d80b58ad37f4cdb29488b58279771898efb7789e2cc1c1cfbe,5,21,ocr,stakeholder,Q12: What are your views and comments regarding the guidance on the Common Conduct Standards and Add
cbi:d8a7a93c5730bbddb2b9223b36bd8bf54207fce3629a9313c50923c4620c09ac,d8a7a93c5730bbddb2b9223b36bd8bf54207fce3629a9313c50923c4620c09ac,5,9,ocr,stakeholder,credit union managers association response to cp153
cbi:f61974f7d54175a55c280808b596198968f369d42a6df608364e37342484b8bd,f61974f7d54175a55c280808b596198968f369d42a6df608364e37342484b8bd,2,2576,ocr,stakeholder,Minister for Finance response to CP158
cbi:f61974f7d54175a55c280808b596198968f369d42a6df608364e37342484b8bd,f61974f7d54175a55c280808b596198968f369d42a6df608364e37342484b8bd,3,2061,ocr,stakeholder,Minister for Finance response to CP158
cbi:f61974f7d54175a55c280808b596198968f369d42a6df608364e37342484b8bd,f61974f7d54175a55c280808b596198968f369d42a6df608364e37342484b8bd,4,2205,ocr,stakeholder,Minister for Finance response to CP158
cbi:f61974f7d54175a55c280808b596198968f369d42a6df608364e37342484b8bd,f61974f7d54175a55c280808b596198968f369d42a6df608364e37342484b8bd,5,2141,ocr,stakeholder,Minister for Finance response to CP158
cbi:f61974f7d54175a55c280808b596198968f369d42a6df608364e37342484b8bd,f61974f7d54175a55c280808b596198968f369d42a6df608364e37342484b8bd,6,2246,ocr,stakeholder,Minister for Finance response to CP158
cbi:f61974f7d54175a55c280808b596198968f369d42a6df608364e37342484b8bd,f61974f7d54175a55c280808b596198968f369d42a6df608364e37342484b8bd,7,2318,ocr,stakeholder,Minister for Finance response to CP158
cbi:f61974f7d54175a55c280808b596198968f369d42a6df608364e37342484b8bd,f61974f7d54175a55c280808b596198968f369d42a6df608364e37342484b8bd,8,2556,ocr,stakeholder,Minister for Finance response to CP158
cbi:f61974f7d54175a55c280808b596198968f369d42a6df608364e37342484b8bd,f61974f7d54175a55c280808b596198968f369d42a6df608364e37342484b8bd,9,1306,ocr,stakeholder,Minister for Finance response to CP158
cbi:e31c6f214126d650ac8670c68589e031554dfeabacaafeff76edc2dfaec661d1,e31c6f214126d650ac8670c68589e031554dfeabacaafeff76edc2dfaec661d1,7,507,ocr,stakeholder,Owens McCarthy Limited (OMC Claims) response to CP158
cbi:3880fe7c9992b2c270f5153f0d742915e15812aaf7945949235892f978563c55,3880fe7c9992b2c270f5153f0d742915e15812aaf7945949235892f978563c55,65,97,ocr,stakeholder,CP162 - Consultation on proposed amendments to the Central Bank Alternative Investment Fund Rulebook
cbi:d7ad5c11094d0ce13239511e4124b2d769bc940594976396c9052352d534a0ed,d7ad5c11094d0ce13239511e4124b2d769bc940594976396c9052352d534a0ed,14,9,ocr,central-bank,cp166---prohibition-notices-under-the-fitness-and-probity-regime
cbi:ec0633c5ea5e454648be7116d4664c5928a4984d159a674a54369ab3fe888b32,ec0633c5ea5e454648be7116d4664c5928a4984d159a674a54369ab3fe888b32,1,1157,ocr,stakeholder,Print 10180ARMD00459520100629143144.tif (1 page)
cbi:4fe7912486dc182127381a792ab478d464f3f6ee22b860c3cc53572caac313ab,4fe7912486dc182127381a792ab478d464f3f6ee22b860c3cc53572caac313ab,20,13,ocr,stakeholder,Microsoft Word - 100618 CP41 Response v2.doc
cbi:0e0686760ee3f6a978381b50fb5a4b5d8651848f5370e13e681a9daf519a34bc,0e0686760ee3f6a978381b50fb5a4b5d8651848f5370e13e681a9daf519a34bc,1,966,ocr,stakeholder,Microsoft Word - MCR CP 45  Submission-  One Direct
cbi:6a2f81bc5d207ff22cdc919d44100783b15ecb196d530c42e5720994be7d95e4,6a2f81bc5d207ff22cdc919d44100783b15ecb196d530c42e5720994be7d95e4,1,3615,ocr,stakeholder,Review of Code of Conduct on Mortgage Arrears Consultation Paper CP 46 - August 2010
cbi:6a2f81bc5d207ff22cdc919d44100783b15ecb196d530c42e5720994be7d95e4,6a2f81bc5d207ff22cdc919d44100783b15ecb196d530c42e5720994be7d95e4,2,3297,ocr,stakeholder,Review of Code of Conduct on Mortgage Arrears Consultation Paper CP 46 - August 2010
cbi:dd46e1774472a72808e9c03540ccee16f83a7ba29ae7e966cc382e0e30e55926,dd46e1774472a72808e9c03540ccee16f83a7ba29ae7e966cc382e0e30e55926,1,1706,ocr,stakeholder,RESPONSE TO CP 46: REVIEW OF CODE OF CONDUCT ON MORTGAGE ARREARS
cbi:5571429232acfcd3329b0bc6f2a20b4a602e2cafe31e0b39e747343759ba8532,5571429232acfcd3329b0bc6f2a20b4a602e2cafe31e0b39e747343759ba8532,1,2534,ocr,stakeholder,cp46 submission from the ibf
cbi:5571429232acfcd3329b0bc6f2a20b4a602e2cafe31e0b39e747343759ba8532,5571429232acfcd3329b0bc6f2a20b4a602e2cafe31e0b39e747343759ba8532,2,3969,ocr,stakeholder,cp46 submission from the ibf
cbi:5571429232acfcd3329b0bc6f2a20b4a602e2cafe31e0b39e747343759ba8532,5571429232acfcd3329b0bc6f2a20b4a602e2cafe31e0b39e747343759ba8532,3,3401,ocr,stakeholder,cp46 submission from the ibf
cbi:5571429232acfcd3329b0bc6f2a20b4a602e2cafe31e0b39e747343759ba8532,5571429232acfcd3329b0bc6f2a20b4a602e2cafe31e0b39e747343759ba8532,4,874,ocr,stakeholder,cp46 submission from the ibf
cbi:731c894538e47b0123b49909d0e8adf63d99c26ddc2764aea19d7fa2e7c53139,731c894538e47b0123b49909d0e8adf63d99c26ddc2764aea19d7fa2e7c53139,16,141,ocr,stakeholder,10 January 2011
cbi:66649c3de230c20733c119775e7c9ed68d65df2cc74e4be825758f9bc8600801,66649c3de230c20733c119775e7c9ed68d65df2cc74e4be825758f9bc8600801,1,3336,ocr,stakeholder,Appendix 1
cbi:66649c3de230c20733c119775e7c9ed68d65df2cc74e4be825758f9bc8600801,66649c3de230c20733c119775e7c9ed68d65df2cc74e4be825758f9bc8600801,2,4674,ocr,stakeholder,Appendix 1
cbi:66649c3de230c20733c119775e7c9ed68d65df2cc74e4be825758f9bc8600801,66649c3de230c20733c119775e7c9ed68d65df2cc74e4be825758f9bc8600801,3,2960,ocr,stakeholder,Appendix 1
cbi:4db8f16d1cfa42946b6debd39881c32771a97de9d9d47db1572c3262a34c6456,4db8f16d1cfa42946b6debd39881c32771a97de9d9d47db1572c3262a34c6456,17,1503,ocr,stakeholder,Draft
cbi:4db8f16d1cfa42946b6debd39881c32771a97de9d9d47db1572c3262a34c6456,4db8f16d1cfa42946b6debd39881c32771a97de9d9d47db1572c3262a34c6456,18,1371,ocr,stakeholder,Draft
cbi:4db8f16d1cfa42946b6debd39881c32771a97de9d9d47db1572c3262a34c6456,4db8f16d1cfa42946b6debd39881c32771a97de9d9d47db1572c3262a34c6456,19,1520,ocr,stakeholder,Draft
cbi:4db8f16d1cfa42946b6debd39881c32771a97de9d9d47db1572c3262a34c6456,4db8f16d1cfa42946b6debd39881c32771a97de9d9d47db1572c3262a34c6456,20,352,ocr,stakeholder,Draft
cbi:f36b04fca868dd0cf9ef08a69850312a82fa6224c61d8ead3bbb6a42fb780afc,f36b04fca868dd0cf9ef08a69850312a82fa6224c61d8ead3bbb6a42fb780afc,1,3110,ocr,stakeholder,uCPC Proposed version vs Existing CPC Comparison document/u
cbi:f36b04fca868dd0cf9ef08a69850312a82fa6224c61d8ead3bbb6a42fb780afc,f36b04fca868dd0cf9ef08a69850312a82fa6224c61d8ead3bbb6a42fb780afc,3,1,ocr,stakeholder,uCPC Proposed version vs Existing CPC Comparison document/u
cbi:f36b04fca868dd0cf9ef08a69850312a82fa6224c61d8ead3bbb6a42fb780afc,f36b04fca868dd0cf9ef08a69850312a82fa6224c61d8ead3bbb6a42fb780afc,4,2104,ocr,stakeholder,uCPC Proposed version vs Existing CPC Comparison document/u
cbi:f36b04fca868dd0cf9ef08a69850312a82fa6224c61d8ead3bbb6a42fb780afc,f36b04fca868dd0cf9ef08a69850312a82fa6224c61d8ead3bbb6a42fb780afc,5,1890,ocr,stakeholder,uCPC Proposed version vs Existing CPC Comparison document/u
cbi:f36b04fca868dd0cf9ef08a69850312a82fa6224c61d8ead3bbb6a42fb780afc,f36b04fca868dd0cf9ef08a69850312a82fa6224c61d8ead3bbb6a42fb780afc,6,2243,ocr,stakeholder,uCPC Proposed version vs Existing CPC Comparison document/u
cbi:f36b04fca868dd0cf9ef08a69850312a82fa6224c61d8ead3bbb6a42fb780afc,f36b04fca868dd0cf9ef08a69850312a82fa6224c61d8ead3bbb6a42fb780afc,7,2197,ocr,stakeholder,uCPC Proposed version vs Existing CPC Comparison document/u
cbi:f36b04fca868dd0cf9ef08a69850312a82fa6224c61d8ead3bbb6a42fb780afc,f36b04fca868dd0cf9ef08a69850312a82fa6224c61d8ead3bbb6a42fb780afc,8,1797,ocr,stakeholder,uCPC Proposed version vs Existing CPC Comparison document/u
cbi:f36b04fca868dd0cf9ef08a69850312a82fa6224c61d8ead3bbb6a42fb780afc,f36b04fca868dd0cf9ef08a69850312a82fa6224c61d8ead3bbb6a42fb780afc,9,1531,ocr,stakeholder,uCPC Proposed version vs Existing CPC Comparison document/u
cbi:f36b04fca868dd0cf9ef08a69850312a82fa6224c61d8ead3bbb6a42fb780afc,f36b04fca868dd0cf9ef08a69850312a82fa6224c61d8ead3bbb6a42fb780afc,10,1540,ocr,stakeholder,uCPC Proposed version vs Existing CPC Comparison document/u
cbi:f36b04fca868dd0cf9ef08a69850312a82fa6224c61d8ead3bbb6a42fb780afc,f36b04fca868dd0cf9ef08a69850312a82fa6224c61d8ead3bbb6a42fb780afc,11,1537,ocr,stakeholder,uCPC Proposed version vs Existing CPC Comparison document/u
cbi:f36b04fca868dd0cf9ef08a69850312a82fa6224c61d8ead3bbb6a42fb780afc,f36b04fca868dd0cf9ef08a69850312a82fa6224c61d8ead3bbb6a42fb780afc,12,1728,ocr,stakeholder,uCPC Proposed version vs Existing CPC Comparison document/u
cbi:f36b04fca868dd0cf9ef08a69850312a82fa6224c61d8ead3bbb6a42fb780afc,f36b04fca868dd0cf9ef08a69850312a82fa6224c61d8ead3bbb6a42fb780afc,13,2043,ocr,stakeholder,uCPC Proposed version vs Existing CPC Comparison document/u
cbi:f36b04fca868dd0cf9ef08a69850312a82fa6224c61d8ead3bbb6a42fb780afc,f36b04fca868dd0cf9ef08a69850312a82fa6224c61d8ead3bbb6a42fb780afc,14,2174,ocr,stakeholder,uCPC Proposed version vs Existing CPC Comparison document/u
cbi:f36b04fca868dd0cf9ef08a69850312a82fa6224c61d8ead3bbb6a42fb780afc,f36b04fca868dd0cf9ef08a69850312a82fa6224c61d8ead3bbb6a42fb780afc,15,2152,ocr,stakeholder,uCPC Proposed version vs Existing CPC Comparison document/u
cbi:f36b04fca868dd0cf9ef08a69850312a82fa6224c61d8ead3bbb6a42fb780afc,f36b04fca868dd0cf9ef08a69850312a82fa6224c61d8ead3bbb6a42fb780afc,16,2065,ocr,stakeholder,uCPC Proposed version vs Existing CPC Comparison document/u
cbi:f36b04fca868dd0cf9ef08a69850312a82fa6224c61d8ead3bbb6a42fb780afc,f36b04fca868dd0cf9ef08a69850312a82fa6224c61d8ead3bbb6a42fb780afc,17,1871,ocr,stakeholder,uCPC Proposed version vs Existing CPC Comparison document/u
cbi:f36b04fca868dd0cf9ef08a69850312a82fa6224c61d8ead3bbb6a42fb780afc,f36b04fca868dd0cf9ef08a69850312a82fa6224c61d8ead3bbb6a42fb780afc,18,2333,ocr,stakeholder,uCPC Proposed version vs Existing CPC Comparison document/u
cbi:f36b04fca868dd0cf9ef08a69850312a82fa6224c61d8ead3bbb6a42fb780afc,f36b04fca868dd0cf9ef08a69850312a82fa6224c61d8ead3bbb6a42fb780afc,19,2059,ocr,stakeholder,uCPC Proposed version vs Existing CPC Comparison document/u
cbi:f36b04fca868dd0cf9ef08a69850312a82fa6224c61d8ead3bbb6a42fb780afc,f36b04fca868dd0cf9ef08a69850312a82fa6224c61d8ead3bbb6a42fb780afc,20,2259,ocr,stakeholder,uCPC Proposed version vs Existing CPC Comparison document/u
cbi:f36b04fca868dd0cf9ef08a69850312a82fa6224c61d8ead3bbb6a42fb780afc,f36b04fca868dd0cf9ef08a69850312a82fa6224c61d8ead3bbb6a42fb780afc,21,2014,ocr,stakeholder,uCPC Proposed version vs Existing CPC Comparison document/u
cbi:f36b04fca868dd0cf9ef08a69850312a82fa6224c61d8ead3bbb6a42fb780afc,f36b04fca868dd0cf9ef08a69850312a82fa6224c61d8ead3bbb6a42fb780afc,22,2003,ocr,stakeholder,uCPC Proposed version vs Existing CPC Comparison document/u
cbi:f36b04fca868dd0cf9ef08a69850312a82fa6224c61d8ead3bbb6a42fb780afc,f36b04fca868dd0cf9ef08a69850312a82fa6224c61d8ead3bbb6a42fb780afc,23,1942,ocr,stakeholder,uCPC Proposed version vs Existing CPC Comparison document/u
cbi:f36b04fca868dd0cf9ef08a69850312a82fa6224c61d8ead3bbb6a42fb780afc,f36b04fca868dd0cf9ef08a69850312a82fa6224c61d8ead3bbb6a42fb780afc,24,2075,ocr,stakeholder,uCPC Proposed version vs Existing CPC Comparison document/u
cbi:f36b04fca868dd0cf9ef08a69850312a82fa6224c61d8ead3bbb6a42fb780afc,f36b04fca868dd0cf9ef08a69850312a82fa6224c61d8ead3bbb6a42fb780afc,25,79,ocr,stakeholder,uCPC Proposed version vs Existing CPC Comparison document/u
cbi:f36b04fca868dd0cf9ef08a69850312a82fa6224c61d8ead3bbb6a42fb780afc,f36b04fca868dd0cf9ef08a69850312a82fa6224c61d8ead3bbb6a42fb780afc,26,2,ocr,stakeholder,uCPC Proposed version vs Existing CPC Comparison document/u
cbi:75f699062133f62481d8622102c53d8bf9696eb345d74dbfd80cd3def0203ad6,75f699062133f62481d8622102c53d8bf9696eb345d74dbfd80cd3def0203ad6,9,138,ocr,stakeholder,22 July 2011
cbi:127338af646e81d65fcdd23a31e9b86b0280c4b86599fd5162d3812820c89d35,127338af646e81d65fcdd23a31e9b86b0280c4b86599fd5162d3812820c89d35,1,1102,ocr,stakeholder,CLAIMS PROCESSING2
cbi:caf69157fc1dea265c60998cefc5b943ab2e6a522bf53bb4a7d029ab67f7b681,caf69157fc1dea265c60998cefc5b943ab2e6a522bf53bb4a7d029ab67f7b681,28,1642,ocr,stakeholder,Aon Insurance Managers (Dublin) Limited
cbi:c3aff3578cd55e6d0d7c4b3696e343b0374d79caef5ab5594b1d65d7f3db3478,c3aff3578cd55e6d0d7c4b3696e343b0374d79caef5ab5594b1d65d7f3db3478,1,1496,ocr,stakeholder,Submission  Chpt 13 re CP76 31.3.14.pdf
cbi:8c48dde2b821d45fd813004fbcd38f764d7bb3d7031ee61cca3cdf94e9d86504,8c48dde2b821d45fd813004fbcd38f764d7bb3d7031ee61cca3cdf94e9d86504,1,1407,ocr,stakeholder,SECTION 8 QUESTION RESPONSES
cbi:936b52c1fceecc6d0a6d2461bad63142f256a59531e24108254a559007b67ac7,936b52c1fceecc6d0a6d2461bad63142f256a59531e24108254a559007b67ac7,1,2498,ocr,stakeholder,uEnclosure - Detailed Responses of Comhar Linn INTO Credit Union Limited to CP 76/u
cbi:d62fe1c10132209cb8b34e4db940f50b6865fed5882c79b60fdf7ab603fbfa02,d62fe1c10132209cb8b34e4db940f50b6865fed5882c79b60fdf7ab603fbfa02,26,619,ocr,stakeholder,Bank of Ireland Group
cbi:ac6e5efab65c69d14c31acc2af00041706dd62653c810b0c027908b9eaecc263,ac6e5efab65c69d14c31acc2af00041706dd62653c810b0c027908b9eaecc263,1,415,ocr,stakeholder,SUBMISSION on BUDGET 2015  By IPAV June 2014
cbi:4cff1aef41c4507ce12a5f3462e4100a34fcfe02df4d7cace50d64d3ed12a1c7,4cff1aef41c4507ce12a5f3462e4100a34fcfe02df4d7cace50d64d3ed12a1c7,1,218,ocr,stakeholder,JLT
cbi:4cff1aef41c4507ce12a5f3462e4100a34fcfe02df4d7cace50d64d3ed12a1c7,4cff1aef41c4507ce12a5f3462e4100a34fcfe02df4d7cace50d64d3ed12a1c7,19,589,ocr,stakeholder,JLT
cbi:f97c42f4bcedce062b0fbabefd8da26e6556726bc1fd313a1cea0f16f31fff36,f97c42f4bcedce062b0fbabefd8da26e6556726bc1fd313a1cea0f16f31fff36,5,580,ocr,stakeholder,Microsoft Word - GE Response to CP90 - 30 Jan 15.docx
cbi:d2cdac72c980ec9f2d6e712dbdd1ddfa0fb2b7659babe3e026a9eb183e602921,d2cdac72c980ec9f2d6e712dbdd1ddfa0fb2b7659babe3e026a9eb183e602921,1,2059,ocr,stakeholder,13 April 2015.
cbi:be40fd9a9ecbf452a6b8d9055a0a6ced0f2ff6054f503f69d0f9d58f7d952278,be40fd9a9ecbf452a6b8d9055a0a6ced0f2ff6054f503f69d0f9d58f7d952278,94,138,ocr,central-bank,Central Bank Annual Performance Statement 2018-2019
cbi:a1e16d1a3b3abb89ff51f3ffa17662addf919b1a5db1eeb254e2c33ee618b776,a1e16d1a3b3abb89ff51f3ffa17662addf919b1a5db1eeb254e2c33ee618b776,256,1892,ocr,central-bank,Central Bank Annual Report 2018
cbi:a1e16d1a3b3abb89ff51f3ffa17662addf919b1a5db1eeb254e2c33ee618b776,a1e16d1a3b3abb89ff51f3ffa17662addf919b1a5db1eeb254e2c33ee618b776,257,1934,ocr,central-bank,Central Bank Annual Report 2018
cbi:a1e16d1a3b3abb89ff51f3ffa17662addf919b1a5db1eeb254e2c33ee618b776,a1e16d1a3b3abb89ff51f3ffa17662addf919b1a5db1eeb254e2c33ee618b776,258,1687,ocr,central-bank,Central Bank Annual Report 2018
cbi:a1e16d1a3b3abb89ff51f3ffa17662addf919b1a5db1eeb254e2c33ee618b776,a1e16d1a3b3abb89ff51f3ffa17662addf919b1a5db1eeb254e2c33ee618b776,259,2143,ocr,central-bank,Central Bank Annual Report 2018
cbi:a1e16d1a3b3abb89ff51f3ffa17662addf919b1a5db1eeb254e2c33ee618b776,a1e16d1a3b3abb89ff51f3ffa17662addf919b1a5db1eeb254e2c33ee618b776,260,4624,ocr,central-bank,Central Bank Annual Report 2018
cbi:2ea3be18f6c2e034ccbf6cff462b5f3300a88ebf1d6df7e90dc486b323ebe540,2ea3be18f6c2e034ccbf6cff462b5f3300a88ebf1d6df7e90dc486b323ebe540,1,113,ocr,central-bank,Annual Report 2021 and Annual Performance Statement 2021-2022
cbi:e2e0e7602c509777baea546be2193aa393f9cf2d08c3eebc070784ddf8bc60e2,e2e0e7602c509777baea546be2193aa393f9cf2d08c3eebc070784ddf8bc60e2,1,101,ocr,central-bank,Annual Report 2024 and Annual Performance Statement 2024-2025
cbi:e2e0e7602c509777baea546be2193aa393f9cf2d08c3eebc070784ddf8bc60e2,e2e0e7602c509777baea546be2193aa393f9cf2d08c3eebc070784ddf8bc60e2,185,1982,ocr,central-bank,Annual Report 2024 and Annual Performance Statement 2024-2025
cbi:e2e0e7602c509777baea546be2193aa393f9cf2d08c3eebc070784ddf8bc60e2,e2e0e7602c509777baea546be2193aa393f9cf2d08c3eebc070784ddf8bc60e2,186,4971,ocr,central-bank,Annual Report 2024 and Annual Performance Statement 2024-2025
cbi:e2e0e7602c509777baea546be2193aa393f9cf2d08c3eebc070784ddf8bc60e2,e2e0e7602c509777baea546be2193aa393f9cf2d08c3eebc070784ddf8bc60e2,187,2927,ocr,central-bank,Annual Report 2024 and Annual Performance Statement 2024-2025
cbi:e2e0e7602c509777baea546be2193aa393f9cf2d08c3eebc070784ddf8bc60e2,e2e0e7602c509777baea546be2193aa393f9cf2d08c3eebc070784ddf8bc60e2,188,3329,ocr,central-bank,Annual Report 2024 and Annual Performance Statement 2024-2025
cbi:e2e0e7602c509777baea546be2193aa393f9cf2d08c3eebc070784ddf8bc60e2,e2e0e7602c509777baea546be2193aa393f9cf2d08c3eebc070784ddf8bc60e2,189,2068,ocr,central-bank,Annual Report 2024 and Annual Performance Statement 2024-2025
cbi:a550cc63d2face182be97526604ad071a58bf6049e2b4ac438141f2b6b202a2c,a550cc63d2face182be97526604ad071a58bf6049e2b4ac438141f2b6b202a2c,180,2829,ocr,central-bank,Annual Report 2025 and Annual Performance Statement 2025-2026
cbi:a550cc63d2face182be97526604ad071a58bf6049e2b4ac438141f2b6b202a2c,a550cc63d2face182be97526604ad071a58bf6049e2b4ac438141f2b6b202a2c,181,654,ocr,central-bank,Annual Report 2025 and Annual Performance Statement 2025-2026
cbi:a550cc63d2face182be97526604ad071a58bf6049e2b4ac438141f2b6b202a2c,a550cc63d2face182be97526604ad071a58bf6049e2b4ac438141f2b6b202a2c,182,2984,ocr,central-bank,Annual Report 2025 and Annual Performance Statement 2025-2026
cbi:a550cc63d2face182be97526604ad071a58bf6049e2b4ac438141f2b6b202a2c,a550cc63d2face182be97526604ad071a58bf6049e2b4ac438141f2b6b202a2c,183,3545,ocr,central-bank,Annual Report 2025 and Annual Performance Statement 2025-2026
cbi:a550cc63d2face182be97526604ad071a58bf6049e2b4ac438141f2b6b202a2c,a550cc63d2face182be97526604ad071a58bf6049e2b4ac438141f2b6b202a2c,184,1334,ocr,central-bank,Annual Report 2025 and Annual Performance Statement 2025-2026
cbi:a550cc63d2face182be97526604ad071a58bf6049e2b4ac438141f2b6b202a2c,a550cc63d2face182be97526604ad071a58bf6049e2b4ac438141f2b6b202a2c,185,110,ocr,central-bank,Annual Report 2025 and Annual Performance Statement 2025-2026
cbi:3aa7e0da7d29ce96f2223c1a3bef3f02f432b19fd801e151e59bb939c0a7cb5c,3aa7e0da7d29ce96f2223c1a3bef3f02f432b19fd801e151e59bb939c0a7cb5c,17,2348,ocr,central-bank,Strategic Plan 2019-2021 Public Engagement Submissions
cbi:3aa7e0da7d29ce96f2223c1a3bef3f02f432b19fd801e151e59bb939c0a7cb5c,3aa7e0da7d29ce96f2223c1a3bef3f02f432b19fd801e151e59bb939c0a7cb5c,18,3803,ocr,central-bank,Strategic Plan 2019-2021 Public Engagement Submissions
cbi:3aa7e0da7d29ce96f2223c1a3bef3f02f432b19fd801e151e59bb939c0a7cb5c,3aa7e0da7d29ce96f2223c1a3bef3f02f432b19fd801e151e59bb939c0a7cb5c,19,3943,ocr,central-bank,Strategic Plan 2019-2021 Public Engagement Submissions
cbi:3aa7e0da7d29ce96f2223c1a3bef3f02f432b19fd801e151e59bb939c0a7cb5c,3aa7e0da7d29ce96f2223c1a3bef3f02f432b19fd801e151e59bb939c0a7cb5c,20,686,ocr,central-bank,Strategic Plan 2019-2021 Public Engagement Submissions
cbi:3aa7e0da7d29ce96f2223c1a3bef3f02f432b19fd801e151e59bb939c0a7cb5c,3aa7e0da7d29ce96f2223c1a3bef3f02f432b19fd801e151e59bb939c0a7cb5c,63,2600,ocr,central-bank,Strategic Plan 2019-2021 Public Engagement Submissions
cbi:3aa7e0da7d29ce96f2223c1a3bef3f02f432b19fd801e151e59bb939c0a7cb5c,3aa7e0da7d29ce96f2223c1a3bef3f02f432b19fd801e151e59bb939c0a7cb5c,64,3272,ocr,central-bank,Strategic Plan 2019-2021 Public Engagement Submissions
cbi:3aa7e0da7d29ce96f2223c1a3bef3f02f432b19fd801e151e59bb939c0a7cb5c,3aa7e0da7d29ce96f2223c1a3bef3f02f432b19fd801e151e59bb939c0a7cb5c,70,2761,ocr,central-bank,Strategic Plan 2019-2021 Public Engagement Submissions
cbi:3aa7e0da7d29ce96f2223c1a3bef3f02f432b19fd801e151e59bb939c0a7cb5c,3aa7e0da7d29ce96f2223c1a3bef3f02f432b19fd801e151e59bb939c0a7cb5c,71,661,ocr,central-bank,Strategic Plan 2019-2021 Public Engagement Submissions
cbi:3aa7e0da7d29ce96f2223c1a3bef3f02f432b19fd801e151e59bb939c0a7cb5c,3aa7e0da7d29ce96f2223c1a3bef3f02f432b19fd801e151e59bb939c0a7cb5c,84,456,ocr,central-bank,Strategic Plan 2019-2021 Public Engagement Submissions
cbi:3aa7e0da7d29ce96f2223c1a3bef3f02f432b19fd801e151e59bb939c0a7cb5c,3aa7e0da7d29ce96f2223c1a3bef3f02f432b19fd801e151e59bb939c0a7cb5c,85,478,ocr,central-bank,Strategic Plan 2019-2021 Public Engagement Submissions
cbi:3aa7e0da7d29ce96f2223c1a3bef3f02f432b19fd801e151e59bb939c0a7cb5c,3aa7e0da7d29ce96f2223c1a3bef3f02f432b19fd801e151e59bb939c0a7cb5c,86,306,ocr,central-bank,Strategic Plan 2019-2021 Public Engagement Submissions
cbi:3aa7e0da7d29ce96f2223c1a3bef3f02f432b19fd801e151e59bb939c0a7cb5c,3aa7e0da7d29ce96f2223c1a3bef3f02f432b19fd801e151e59bb939c0a7cb5c,87,138,ocr,central-bank,Strategic Plan 2019-2021 Public Engagement Submissions
cbi:3aa7e0da7d29ce96f2223c1a3bef3f02f432b19fd801e151e59bb939c0a7cb5c,3aa7e0da7d29ce96f2223c1a3bef3f02f432b19fd801e151e59bb939c0a7cb5c,88,7,ocr,central-bank,Strategic Plan 2019-2021 Public Engagement Submissions
cbi:813f5f82e6799090af6e6596c6b8886823b21b85518e82257cfbc4638dd54d34,813f5f82e6799090af6e6596c6b8886823b21b85518e82257cfbc4638dd54d34,1,1186,ocr,central-bank,letter to the tánaiste and minister for finance simon harris national payments strategy annual updat
cbi:1da7b86379daf7d2020997f8a7d361996bae9a42bf46e84255eaeda0187efa9e,1da7b86379daf7d2020997f8a7d361996bae9a42bf46e84255eaeda0187efa9e,4,75,ocr,central-bank,Response to Oireachtas Committee on Finance Public Expenditure and Reform and Taoiseach on the Consu
cbi:67084c94d6b7a9b06f40d389c96bc5e98d8707a96b37392af01dd6d874d863ef,67084c94d6b7a9b06f40d389c96bc5e98d8707a96b37392af01dd6d874d863ef,1,403,ocr,central-bank,2024-11-01_Deputy McGuinness_Appendix
cbi:f378f1819767c81488e5b594ae31b3fb285ca26ef3dca0c7f8af67f9406df7df,f378f1819767c81488e5b594ae31b3fb285ca26ef3dca0c7f8af67f9406df7df,1,695,ocr,central-bank,"Response to Committee on Finance, Public Expenditure"
cbi:2ed87d47dbeb79419959349bfd574ff47986e7ce20981698c1faf689263d0e77,2ed87d47dbeb79419959349bfd574ff47986e7ce20981698c1faf689263d0e77,5,80,ocr,central-bank,Response to Pearse Doherty TD on COVID-19 and Business Interruption Insurance published on 18 March 
cbi:b31f7bd2a809969e1abd464257e08e98723128c43efcd52fcfee07d4afc4d5eb,b31f7bd2a809969e1abd464257e08e98723128c43efcd52fcfee07d4afc4d5eb,10,21,ocr,stakeholder,Availability and Choice- Effective Market Functioning
cbi:c7eb2563891fca42ac2b154ae115dbf973e716d8e572eb25b3c86a25539d3cf6,c7eb2563891fca42ac2b154ae115dbf973e716d8e572eb25b3c86a25539d3cf6,19,1247,ocr,central-bank,This submission expands on these keys points.
cbi:be98c8be60799af318dba01929d9b81c1e0be68171a2a174ed82f92fa1865e73,be98c8be60799af318dba01929d9b81c1e0be68171a2a174ed82f92fa1865e73,4,364,ocr,stakeholder,Response to your discussion paper on Consumer Protection Code and the Digitalisation of Financial Se
cbi:ec3f6d71077ac7ac5b2d11d9b031c77ed1231829de82b1e5c250993a73222a1c,ec3f6d71077ac7ac5b2d11d9b031c77ed1231829de82b1e5c250993a73222a1c,19,90,ocr,central-bank,"Vol 2023, No.3 Transmission of monetary policy: Bank interest rate pass-through in Ireland and the e"
cbi:c0433e25b73288b09a6efa638ef2995dcb12cf5b71b05ba236fb94b03d8753f7,c0433e25b73288b09a6efa638ef2995dcb12cf5b71b05ba236fb94b03d8753f7,1,300,ocr,central-bank,Financial Stability Review 2019 II
cbi:0acfc27ac7ef922f8caa271c01185a10cc83619fde57abffc7f4f9dfb646d918,0acfc27ac7ef922f8caa271c01185a10cc83619fde57abffc7f4f9dfb646d918,18,1261,ocr,central-bank,Financial Stability Review 2021 I - Analyst Briefing
cbi:748c729745c062a18a9d8772e6fa316b4d9da76bb84444b94f1d55104a2b322a,748c729745c062a18a9d8772e6fa316b4d9da76bb84444b94f1d55104a2b322a,15,1201,ocr,central-bank,Financial Stability Review 2021: II Presentation
cbi:cb3391e6f7eb7eb7853e5bc55c6e5bb99555cf8902931ea3fa3d25d356436fb5,cb3391e6f7eb7eb7853e5bc55c6e5bb99555cf8902931ea3fa3d25d356436fb5,1,49,ocr,central-bank,Financial Stability Review 2021 II
cbi:16957b6fe582d3f1cf0354b6f61a4ab7a0bf056f21915d386a15fdda6866dbaf,16957b6fe582d3f1cf0354b6f61a4ab7a0bf056f21915d386a15fdda6866dbaf,1,85,ocr,central-bank,FSR 2022 I Presentation
cbi:0691ea0b7ea16d7663639dbf46bb689fcabb59801f2642212112523da8eeddb2,0691ea0b7ea16d7663639dbf46bb689fcabb59801f2642212112523da8eeddb2,1,275,ocr,central-bank,Financial Stability Review 2022: I
cbi:01d6bf5a7e4acc6b74f57be59306998de10f4ea52d541cfc52e5496568404d7f,01d6bf5a7e4acc6b74f57be59306998de10f4ea52d541cfc52e5496568404d7f,1,236,ocr,central-bank,Financial Stability Review 2022 II
cbi:5f31ad062812118ffa5602858b140b4c339673ed9143152d18999ad82589ec87,5f31ad062812118ffa5602858b140b4c339673ed9143152d18999ad82589ec87,1,191,ocr,central-bank,Financial Stability Review 2023 I
cbi:034fb07140f25067c04a55c80bd6b42c5bc88bd38238f453cca8afb7c2103fd6,034fb07140f25067c04a55c80bd6b42c5bc88bd38238f453cca8afb7c2103fd6,1,238,ocr,central-bank,Financial Stability Review 2023: II
cbi:d5abb33c90596d5f5a28108d7d46257a575b76ea1b2981e28e9a5d4a51f95094,d5abb33c90596d5f5a28108d7d46257a575b76ea1b2981e28e9a5d4a51f95094,1,267,ocr,central-bank,Financial Stability Review 2024: I
cbi:c30d0038022309c7b0936da9bc9d4dd5be6870fa1e711b27be9b6d8779784376,c30d0038022309c7b0936da9bc9d4dd5be6870fa1e711b27be9b6d8779784376,1,62,ocr,central-bank,Financial Stability Review 2025: I
cbi:186b57538ae649c4d69bedad699c9f5756a2fa56ec61535334f37bc3a38b7376,186b57538ae649c4d69bedad699c9f5756a2fa56ec61535334f37bc3a38b7376,1,72,ocr,central-bank,Financial Stability Review 2025: II
cbi:802094b06ad157f8f8a84863622c85ea026a8ca975fab44733e041aa60ba7e90,802094b06ad157f8f8a84863622c85ea026a8ca975fab44733e041aa60ba7e90,1,86,ocr,central-bank,Financial Stability Review 2026: I
cbi:edcb5c6f881f18fe7522b2fb38c94d948abdb826d29ba65adf3bbae72ea082f6,edcb5c6f881f18fe7522b2fb38c94d948abdb826d29ba65adf3bbae72ea082f6,1,102,ocr,central-bank,FSR 2020 II technical briefing 
cbi:edcb5c6f881f18fe7522b2fb38c94d948abdb826d29ba65adf3bbae72ea082f6,edcb5c6f881f18fe7522b2fb38c94d948abdb826d29ba65adf3bbae72ea082f6,31,1047,ocr,central-bank,FSR 2020 II technical briefing 
cbi:807bcc290cd2741c4ae0efadd57b4c46096d4adb3e26e287047e4b41c1784d6a,807bcc290cd2741c4ae0efadd57b4c46096d4adb3e26e287047e4b41c1784d6a,1,201,ocr,central-bank,FSR 2024 I Special Feature Commercial Real Estate - A Macro-Financial Assessment
cbi:de1125a484893abb05a7a8b94ca77e1c4c0d6109968d3c9b13c709acbd22211b,de1125a484893abb05a7a8b94ca77e1c4c0d6109968d3c9b13c709acbd22211b,1,47,ocr,central-bank,FSR 2020:I Proposed Structure
cbi:8353fd8f7fa6f2fbb519080f57abc08b19b9bc9019d68a9ca7f8ec32bb086a88,8353fd8f7fa6f2fbb519080f57abc08b19b9bc9019d68a9ca7f8ec32bb086a88,1,156,ocr,central-bank,FSR 2025 I Analyst Briefing
cbi:8353fd8f7fa6f2fbb519080f57abc08b19b9bc9019d68a9ca7f8ec32bb086a88,8353fd8f7fa6f2fbb519080f57abc08b19b9bc9019d68a9ca7f8ec32bb086a88,19,493,ocr,central-bank,FSR 2025 I Analyst Briefing
cbi:4d60d5d9e5c4af0428197be43a95d2dde90002d5a20747df010242474299cf76,4d60d5d9e5c4af0428197be43a95d2dde90002d5a20747df010242474299cf76,1,175,ocr,central-bank,FSR 2025 I Presentation
cbi:4d60d5d9e5c4af0428197be43a95d2dde90002d5a20747df010242474299cf76,4d60d5d9e5c4af0428197be43a95d2dde90002d5a20747df010242474299cf76,12,493,ocr,central-bank,FSR 2025 I Presentation
cbi:9298bba05cb1d54a6ceb91bebeacba5f823e3926ffeacdbd216930b298c607f4,9298bba05cb1d54a6ceb91bebeacba5f823e3926ffeacdbd216930b298c607f4,1,60,ocr,central-bank,FSR 2026 I Presentation
cbi:b6f017a7ec9eb9349b01fe84d1a24a71b90ae663a8bbb4de9395231350ee2b23,b6f017a7ec9eb9349b01fe84d1a24a71b90ae663a8bbb4de9395231350ee2b23,1,180,ocr,central-bank,Forward-looking assessments of retail bank resilience 
cbi:a6adb8aa1619cdfa9afdc5110ef2f8c3efd8ec2c12ed2dd1489fcd6ae727a6c8,a6adb8aa1619cdfa9afdc5110ef2f8c3efd8ec2c12ed2dd1489fcd6ae727a6c8,1,632,ocr,central-bank,Quarterly Bulletin - Q4 2019
cbi:398bd16ab71d7ed086683047fb92d43b3badb9012ffc1663b1a957d52817ae18,398bd16ab71d7ed086683047fb92d43b3badb9012ffc1663b1a957d52817ae18,1,125,ocr,central-bank,Quarterly Bulletin 2 2023
cbi:d24a454aa4dffc9c09afde3351fc7e639e9ae4258317f9843f602607d765f9f2,d24a454aa4dffc9c09afde3351fc7e639e9ae4258317f9843f602607d765f9f2,1,210,ocr,central-bank,Quarterly Bulletin Q3 2023
cbi:25e57857340896c4d42c9ede6e6d69dfbafaa311d918601c34f0c6dab9c3daee,25e57857340896c4d42c9ede6e6d69dfbafaa311d918601c34f0c6dab9c3daee,1,210,ocr,central-bank,Quarterly Bulletin Q4 2023
cbi:81ac4d3118b51b449a83dd77c3e27e9c213961ef20c106581aa148afb16f777f,81ac4d3118b51b449a83dd77c3e27e9c213961ef20c106581aa148afb16f777f,1,278,ocr,central-bank,"Behavioural Economics and Public Policy-Making (Byrne, Devine and McCarthy)"
cbi:00fffca73279f2a8ca25f60dbdb4bc4632fdf1de350e170950f9e142ab7e6b84,00fffca73279f2a8ca25f60dbdb4bc4632fdf1de350e170950f9e142ab7e6b84,1,156,ocr,central-bank,"Earnings growth under high inflation (Boyd, Keenan and McIndoe-Calder)"
cbi:a93e4d5dcffbd35b62aad642159469125fee01e0d0687a69fddef5967fc66111,a93e4d5dcffbd35b62aad642159469125fee01e0d0687a69fddef5967fc66111,1,323,ocr,central-bank,QB Signed Article - Household Economic Resilience
cbi:91635bc624ad0e89893b574d975c47ba0ea11c0db5af2cf29ad2841ff9c4d962,91635bc624ad0e89893b574d975c47ba0ea11c0db5af2cf29ad2841ff9c4d962,1,362,ocr,central-bank,"Labour Market Recovery Boyd, Byrne, Keenan, McIndoe-Calder"
cbi:55a20c00180237875e61a77b623fb7a80ffaa9f8c2963cc534334265f5e8ec47,55a20c00180237875e61a77b623fb7a80ffaa9f8c2963cc534334265f5e8ec47,1,434,ocr,central-bank,The Macroeconomic Implications of Climate Change for Central Banks (McInerney)
cbi:31716fa7f17db572afedc07bfc3d8b486d78e028450252357b37c105ab00fe59,31716fa7f17db572afedc07bfc3d8b486d78e028450252357b37c105ab00fe59,1,314,ocr,central-bank,"Managing the Public Finances in Uncertain Times (Conefrey, Hickey, Staunton and Walsh)"
cbi:960ae7cf51ba0db821ba686376eed69a54bf55e362f6b5dcfc70402dd1c9fce7,960ae7cf51ba0db821ba686376eed69a54bf55e362f6b5dcfc70402dd1c9fce7,1,114,ocr,central-bank,Managing the Public Finances in a Full-Employment Economy
cbi:3d865c000c0cd5d944ab967d02e0b00d9f9e26d3a1d470ed96542faae8fb577f,3d865c000c0cd5d944ab967d02e0b00d9f9e26d3a1d470ed96542faae8fb577f,1,98,ocr,central-bank,"The Role of the ICT Services Sector in the Irish Economy (Conefrey, Keenan, O'Grady and Stauton)"
cbi:2e9bd0d2266cddd2fabc303ea9c8b920716ed803a4a79953e72e76e5a3d00850,2e9bd0d2266cddd2fabc303ea9c8b920716ed803a4a79953e72e76e5a3d00850,30,92,ocr,central-bank,02RT21 Simulating business failures through the liquidity and solvency channels:
cbi:ff3b1317036fb1bc137a86ccecbe9a000c28307104703c39f316e8622f4d6729,ff3b1317036fb1bc137a86ccecbe9a000c28307104703c39f316e8622f4d6729,1,125,ocr,central-bank,SME Viability in the COVID-19 Recovery (002)
cbi:ff3b1317036fb1bc137a86ccecbe9a000c28307104703c39f316e8622f4d6729,ff3b1317036fb1bc137a86ccecbe9a000c28307104703c39f316e8622f4d6729,31,138,ocr,central-bank,SME Viability in the COVID-19 Recovery (002)
cbi:f9a0745c298ab0847fc955509661669960708b7eb0e86be3d30e2c4aea100924,f9a0745c298ab0847fc955509661669960708b7eb0e86be3d30e2c4aea100924,21,5,ocr,central-bank,REQ Guidance Materials
cbi:b04325ef79144a955e8b0e8d6569aa6578dc3573004a64ab8db182be7ad41da0,b04325ef79144a955e8b0e8d6569aa6578dc3573004a64ab8db182be7ad41da0,1,47,ocr,central-bank,Consumer Protection Outlook Report 2021
cbi:00d390cfa0eeddfd2210c2244c0ff914902581f6351124489cd2638bf51d0239,00d390cfa0eeddfd2210c2244c0ff914902581f6351124489cd2638bf51d0239,1,77,ocr,central-bank,Consumer Protection Outlook Report 2022
cbi:fa0d3e9a7e19858b7796344d928713ff251b0e0aa71c83c37b496e45edabb34b,fa0d3e9a7e19858b7796344d928713ff251b0e0aa71c83c37b496e45edabb34b,15,12,ocr,central-bank,Insurance Regulations 2022 - Q+A updated May 2022
cbi:9c78dc2f9a435ffb0538bd78d770bcab1758c40786a08e87fae3b9eaefc4e3f9,9c78dc2f9a435ffb0538bd78d770bcab1758c40786a08e87fae3b9eaefc4e3f9,2,1025,ocr,central-bank,Publication of Additional Consumer Protection Requirements for Debt Management Firms 21/11/2014
cbi:da55c88bb22ed69406e017232e738e08d95f746d3e9728b32d66688fa2cb3490,da55c88bb22ed69406e017232e738e08d95f746d3e9728b32d66688fa2cb3490,1,111,ocr,central-bank,Consumer Protection Code Review Discussion Paper
cbi:de5e1c813c0a7b9165ed6fe5e5ce5b99113b507a119b37fa64f0de278a9fde12,de5e1c813c0a7b9165ed6fe5e5ce5b99113b507a119b37fa64f0de278a9fde12,93,91,ocr,central-bank,Guide to Submitting DORA Registers on the Central Bank of Ireland Portal
cbi:71b2a48828daa6c4c34cdb68307e825d99eee48aed6b731086e6cf8a8b55e623,71b2a48828daa6c4c34cdb68307e825d99eee48aed6b731086e6cf8a8b55e623,26,5,ocr,central-bank,Instructions and Guidance for the Submission of Virtual Asset Service Providers Registration Forms a
cbi:52a9421e30e0627c13d5cc2ecaee6f688414598f99942c6a0989f7099def08e7,52a9421e30e0627c13d5cc2ecaee6f688414598f99942c6a0989f7099def08e7,4,75,ocr,central-bank,By email
cbi:b95d7c04732efc5b7b0cff99c2e97997f32ec2ef20e2f7d41fa76127b6056f54,b95d7c04732efc5b7b0cff99c2e97997f32ec2ef20e2f7d41fa76127b6056f54,28,109,ocr,central-bank,Fitness and Probity Gatekeeper Process Manual
cbi:b15a17b4501b823999a54260629d361b2e9b3905a7f8a9a48eba99fa33ae9664,b15a17b4501b823999a54260629d361b2e9b3905a7f8a9a48eba99fa33ae9664,1,176,ocr,central-bank,Credit Union Information Seminars – 2015  17 November – 30 November 2015
cbi:9b949307f2c8c775f03dc108c059e4f8a68f5003ea58f763871f7493890cc400,9b949307f2c8c775f03dc108c059e4f8a68f5003ea58f763871f7493890cc400,18,137,ocr,central-bank,"Welcome to Cash Cycle Seminar Lucy O’Donoghue, Central Bank of Ireland"
cbi:55399627008a2287f2d45a41db98c926ceeea0ba683de9cefab2d7529203d25f,55399627008a2287f2d45a41db98c926ceeea0ba683de9cefab2d7529203d25f,1,123,ocr,central-bank,Credit Union Information Seminars – 2015  17 November – 30 November 2015
cbi:719e3d2d0130e08e3d9d172c9f20a612891c9d8221f98614ca61cd8cb1f67751,719e3d2d0130e08e3d9d172c9f20a612891c9d8221f98614ca61cd8cb1f67751,45,80,ocr,central-bank,Guidance for Fund Profile Return Vol 2.1 May 2022
cbi:98290b9ea665ea1be55a19e187e3d0ac58c30041bd9746a86c295de333ac99b7,98290b9ea665ea1be55a19e187e3d0ac58c30041bd9746a86c295de333ac99b7,7,73,ocr,central-bank,Industry Letter - 2022 ESMA Common Supervisory Action on Asset Valuation
cbi:66514b78e9e9961972047dccfc825b5b2ab93c83f229669d49f52a2016895cf7,66514b78e9e9961972047dccfc825b5b2ab93c83f229669d49f52a2016895cf7,5,90,ocr,central-bank,Umbrella Standalone Sub-Fund Revocation Application Form
cbi:db1c15d86a676dbf196c3cf372ee1103b4b1baa0be65dedfac34c326e853073d,db1c15d86a676dbf196c3cf372ee1103b4b1baa0be65dedfac34c326e853073d,6,174,ocr,central-bank,"Guideline for Life Insurance Undertakings, Non-Life Insurance Undertakings and Reinsurance Undertaki"
cbi:e313fb10f75bfe5e976249d7449c9407ff79abb4b75d87dccc3ee366e5285052,e313fb10f75bfe5e976249d7449c9407ff79abb4b75d87dccc3ee366e5285052,1,1905,ocr,central-bank,Corporate Governance Standards - Themed Inspection of Investment Firms 2012
cbi:e313fb10f75bfe5e976249d7449c9407ff79abb4b75d87dccc3ee366e5285052,e313fb10f75bfe5e976249d7449c9407ff79abb4b75d87dccc3ee366e5285052,2,892,ocr,central-bank,Corporate Governance Standards - Themed Inspection of Investment Firms 2012
cbi:bafbf0ee2b97d933d30716d1b9d7012bbeb6975e1fc67b6232063c5cd14681f5,bafbf0ee2b97d933d30716d1b9d7012bbeb6975e1fc67b6232063c5cd14681f5,45,5,ocr,central-bank,Implementation of Competent Authority Discretions in the IFD Regulations and the IFR
cbi:5468589850b1d583aaa2d4b8dc0eeb5d28b5aef14eb2be0d70aafdf1481789d3,5468589850b1d583aaa2d4b8dc0eeb5d28b5aef14eb2be0d70aafdf1481789d3,1,1905,ocr,central-bank,Microsoft Word - Final Thematic Indusry Final
cbi:5468589850b1d583aaa2d4b8dc0eeb5d28b5aef14eb2be0d70aafdf1481789d3,5468589850b1d583aaa2d4b8dc0eeb5d28b5aef14eb2be0d70aafdf1481789d3,2,892,ocr,central-bank,Microsoft Word - Final Thematic Indusry Final
cbi:ebb86e887e7694e7c1e61f36afcea48451ad2f562a3f5238051914367c40fa0b,ebb86e887e7694e7c1e61f36afcea48451ad2f562a3f5238051914367c40fa0b,1,225,ocr,central-bank,Innovation Hub Update - 2018
cbi:8fb4e5f80707e3bb7a31392e759673ec718c4621e68e5fc69a9139b909ed7c7d,8fb4e5f80707e3bb7a31392e759673ec718c4621e68e5fc69a9139b909ed7c7d,4,1811,ocr,central-bank,Statistical Release 4 April 2016
cbi:5f1988bb0585c047fdf3f950ab4fb1b55c6fcdc28baa2e40a04f904003bbbca0,5f1988bb0585c047fdf3f950ab4fb1b55c6fcdc28baa2e40a04f904003bbbca0,2,1547,ocr,central-bank,2021.12.13 CCPC CBI Cooperation Agreement
cbi:5f1988bb0585c047fdf3f950ab4fb1b55c6fcdc28baa2e40a04f904003bbbca0,5f1988bb0585c047fdf3f950ab4fb1b55c6fcdc28baa2e40a04f904003bbbca0,3,1610,ocr,central-bank,2021.12.13 CCPC CBI Cooperation Agreement
cbi:5f1988bb0585c047fdf3f950ab4fb1b55c6fcdc28baa2e40a04f904003bbbca0,5f1988bb0585c047fdf3f950ab4fb1b55c6fcdc28baa2e40a04f904003bbbca0,4,1916,ocr,central-bank,2021.12.13 CCPC CBI Cooperation Agreement
cbi:5f1988bb0585c047fdf3f950ab4fb1b55c6fcdc28baa2e40a04f904003bbbca0,5f1988bb0585c047fdf3f950ab4fb1b55c6fcdc28baa2e40a04f904003bbbca0,6,1741,ocr,central-bank,2021.12.13 CCPC CBI Cooperation Agreement
cbi:5f1988bb0585c047fdf3f950ab4fb1b55c6fcdc28baa2e40a04f904003bbbca0,5f1988bb0585c047fdf3f950ab4fb1b55c6fcdc28baa2e40a04f904003bbbca0,7,1979,ocr,central-bank,2021.12.13 CCPC CBI Cooperation Agreement
cbi:5f1988bb0585c047fdf3f950ab4fb1b55c6fcdc28baa2e40a04f904003bbbca0,5f1988bb0585c047fdf3f950ab4fb1b55c6fcdc28baa2e40a04f904003bbbca0,8,1692,ocr,central-bank,2021.12.13 CCPC CBI Cooperation Agreement
cbi:5f1988bb0585c047fdf3f950ab4fb1b55c6fcdc28baa2e40a04f904003bbbca0,5f1988bb0585c047fdf3f950ab4fb1b55c6fcdc28baa2e40a04f904003bbbca0,10,1467,ocr,central-bank,2021.12.13 CCPC CBI Cooperation Agreement
cbi:5f1988bb0585c047fdf3f950ab4fb1b55c6fcdc28baa2e40a04f904003bbbca0,5f1988bb0585c047fdf3f950ab4fb1b55c6fcdc28baa2e40a04f904003bbbca0,11,349,ocr,central-bank,2021.12.13 CCPC CBI Cooperation Agreement
cbi:95ca075efecbda471edb97441b5e5dee99e1821a1d4322fb3d267adad65298f1,95ca075efecbda471edb97441b5e5dee99e1821a1d4322fb3d267adad65298f1,104,60,ocr,central-bank,FOI Records
cbi:95ca075efecbda471edb97441b5e5dee99e1821a1d4322fb3d267adad65298f1,95ca075efecbda471edb97441b5e5dee99e1821a1d4322fb3d267adad65298f1,127,60,ocr,central-bank,FOI Records
cbi:95ca075efecbda471edb97441b5e5dee99e1821a1d4322fb3d267adad65298f1,95ca075efecbda471edb97441b5e5dee99e1821a1d4322fb3d267adad65298f1,128,60,ocr,central-bank,FOI Records
cbi:95ca075efecbda471edb97441b5e5dee99e1821a1d4322fb3d267adad65298f1,95ca075efecbda471edb97441b5e5dee99e1821a1d4322fb3d267adad65298f1,148,2389,ocr,central-bank,FOI Records
cbi:95ca075efecbda471edb97441b5e5dee99e1821a1d4322fb3d267adad65298f1,95ca075efecbda471edb97441b5e5dee99e1821a1d4322fb3d267adad65298f1,149,1660,ocr,central-bank,FOI Records
cbi:95ca075efecbda471edb97441b5e5dee99e1821a1d4322fb3d267adad65298f1,95ca075efecbda471edb97441b5e5dee99e1821a1d4322fb3d267adad65298f1,150,802,ocr,central-bank,FOI Records
cbi:95ca075efecbda471edb97441b5e5dee99e1821a1d4322fb3d267adad65298f1,95ca075efecbda471edb97441b5e5dee99e1821a1d4322fb3d267adad65298f1,151,352,ocr,central-bank,FOI Records
cbi:95ca075efecbda471edb97441b5e5dee99e1821a1d4322fb3d267adad65298f1,95ca075efecbda471edb97441b5e5dee99e1821a1d4322fb3d267adad65298f1,152,158,ocr,central-bank,FOI Records
cbi:94384c36d2eb2c2edae9bf48f1057d2b0138c1cfbdd54dfa75e14092721281d0,94384c36d2eb2c2edae9bf48f1057d2b0138c1cfbdd54dfa75e14092721281d0,190,12,ocr,central-bank,FOI Records - March 2022
cbi:0c4e38f66d2bb14c7a76234c6c947e30e277955d36f1d5c3c0daf061d6269dfb,0c4e38f66d2bb14c7a76234c6c947e30e277955d36f1d5c3c0daf061d6269dfb,10,354,ocr,central-bank,Consumer Regulation as Whack-a-Mole: Evidence from Credit Card Markets
cbi:9a76de9cc419dcf9e97eaf4677f13312ebd97167c0d572519343fdaa3cb7e7e3,9a76de9cc419dcf9e97eaf4677f13312ebd97167c0d572519343fdaa3cb7e7e3,13,324,ocr,central-bank,Central Bank of Ireland 75th Anniversary Brochure
cbi:5333b41c2ae4eff542041e3223f7f097078d2933be8235aa53ecca771cbcb56f,5333b41c2ae4eff542041e3223f7f097078d2933be8235aa53ecca771cbcb56f,13,206,ocr,central-bank,Central Bank of Ireland 75th Anniversary Brochure - Gaeilge Version
cbi:07c5e73c7766cb25ccac65c3cb692fa1ade0b11e4b7968a22c61627dea5d9516,07c5e73c7766cb25ccac65c3cb692fa1ade0b11e4b7968a22c61627dea5d9516,5,142,ocr,central-bank,Session 3:  Stress Testing
cbi:0a415e7c1f7cd832ca6585de7d46baefd0628bac327e4e29012fc4fdbb343cb3,0a415e7c1f7cd832ca6585de7d46baefd0628bac327e4e29012fc4fdbb343cb3,4,1235,ocr,central-bank,The Central Bank of Ireland
cbi:4660ad015e499d087674ec35e8972acbee57d7726f1d2f592636690a96fdc826,4660ad015e499d087674ec35e8972acbee57d7726f1d2f592636690a96fdc826,2,85,ocr,central-bank,economic resilience and renewal agenda
cbi:a2dce0910984315355974877570722b8d057246620d54dbe0470e7caddf18cdd,a2dce0910984315355974877570722b8d057246620d54dbe0470e7caddf18cdd,3,85,ocr,central-bank,Conference to inform the 2021-22 Mortgage Measures Framework Review
cbi:fd458e4cdb3838eeb799b2fc605ce69b449040ea312772dc2cb03d23298fefc6,fd458e4cdb3838eeb799b2fc605ce69b449040ea312772dc2cb03d23298fefc6,1,280,ocr,central-bank,Risk Management Working Group
cbi:7a7021fc8d4e0de8727b12ced4669985226d7abd380a976ea23c0a262291aceb,7a7021fc8d4e0de8727b12ced4669985226d7abd380a976ea23c0a262291aceb,12,85,ocr,central-bank,The Future of Money and Payments
cbi:34d9126f77312a0e8d1e1d7814f7d315bf485d83cbf4a0bd38adf2dd1dea6095,34d9126f77312a0e8d1e1d7814f7d315bf485d83cbf4a0bd38adf2dd1dea6095,5,62,ocr,central-bank,Thirteenth Central Bank of Ireland Whitaker Lecture by Patrick Honohan
cbi:34d9126f77312a0e8d1e1d7814f7d315bf485d83cbf4a0bd38adf2dd1dea6095,34d9126f77312a0e8d1e1d7814f7d315bf485d83cbf4a0bd38adf2dd1dea6095,6,10,ocr,central-bank,Thirteenth Central Bank of Ireland Whitaker Lecture by Patrick Honohan
cbi:34d9126f77312a0e8d1e1d7814f7d315bf485d83cbf4a0bd38adf2dd1dea6095,34d9126f77312a0e8d1e1d7814f7d315bf485d83cbf4a0bd38adf2dd1dea6095,9,733,ocr,central-bank,Thirteenth Central Bank of Ireland Whitaker Lecture by Patrick Honohan
cbi:34d9126f77312a0e8d1e1d7814f7d315bf485d83cbf4a0bd38adf2dd1dea6095,34d9126f77312a0e8d1e1d7814f7d315bf485d83cbf4a0bd38adf2dd1dea6095,10,297,ocr,central-bank,Thirteenth Central Bank of Ireland Whitaker Lecture by Patrick Honohan
cbi:34d9126f77312a0e8d1e1d7814f7d315bf485d83cbf4a0bd38adf2dd1dea6095,34d9126f77312a0e8d1e1d7814f7d315bf485d83cbf4a0bd38adf2dd1dea6095,14,18,ocr,central-bank,Thirteenth Central Bank of Ireland Whitaker Lecture by Patrick Honohan
cbi:34d9126f77312a0e8d1e1d7814f7d315bf485d83cbf4a0bd38adf2dd1dea6095,34d9126f77312a0e8d1e1d7814f7d315bf485d83cbf4a0bd38adf2dd1dea6095,15,45,ocr,central-bank,Thirteenth Central Bank of Ireland Whitaker Lecture by Patrick Honohan
cbi:34d9126f77312a0e8d1e1d7814f7d315bf485d83cbf4a0bd38adf2dd1dea6095,34d9126f77312a0e8d1e1d7814f7d315bf485d83cbf4a0bd38adf2dd1dea6095,18,552,ocr,central-bank,Thirteenth Central Bank of Ireland Whitaker Lecture by Patrick Honohan
cbi:34d9126f77312a0e8d1e1d7814f7d315bf485d83cbf4a0bd38adf2dd1dea6095,34d9126f77312a0e8d1e1d7814f7d315bf485d83cbf4a0bd38adf2dd1dea6095,20,271,ocr,central-bank,Thirteenth Central Bank of Ireland Whitaker Lecture by Patrick Honohan
cbi:bbe565ae3c31dd5ae827f9fa849687e24c2a167e9f98ced56cc269e9866fda9d,bbe565ae3c31dd5ae827f9fa849687e24c2a167e9f98ced56cc269e9866fda9d,103,138,ocr,central-bank,Ráiteas Bliantúil Feidhmíochta 2018-2019
cbi:54aeb2ae7a6ac3e1f7d2390bfa63ca14289199ebf3b3961243c17a17e98cb86a,54aeb2ae7a6ac3e1f7d2390bfa63ca14289199ebf3b3961243c17a17e98cb86a,276,2193,ocr,central-bank,Tuarascáil Bhliantúil 2019 agus Ráiteas Bliantúil Feidhmíochta 2019-2020
cbi:54aeb2ae7a6ac3e1f7d2390bfa63ca14289199ebf3b3961243c17a17e98cb86a,54aeb2ae7a6ac3e1f7d2390bfa63ca14289199ebf3b3961243c17a17e98cb86a,277,2230,ocr,central-bank,Tuarascáil Bhliantúil 2019 agus Ráiteas Bliantúil Feidhmíochta 2019-2020
cbi:54aeb2ae7a6ac3e1f7d2390bfa63ca14289199ebf3b3961243c17a17e98cb86a,54aeb2ae7a6ac3e1f7d2390bfa63ca14289199ebf3b3961243c17a17e98cb86a,278,1596,ocr,central-bank,Tuarascáil Bhliantúil 2019 agus Ráiteas Bliantúil Feidhmíochta 2019-2020
cbi:54aeb2ae7a6ac3e1f7d2390bfa63ca14289199ebf3b3961243c17a17e98cb86a,54aeb2ae7a6ac3e1f7d2390bfa63ca14289199ebf3b3961243c17a17e98cb86a,279,1606,ocr,central-bank,Tuarascáil Bhliantúil 2019 agus Ráiteas Bliantúil Feidhmíochta 2019-2020
cbi:54aeb2ae7a6ac3e1f7d2390bfa63ca14289199ebf3b3961243c17a17e98cb86a,54aeb2ae7a6ac3e1f7d2390bfa63ca14289199ebf3b3961243c17a17e98cb86a,280,4368,ocr,central-bank,Tuarascáil Bhliantúil 2019 agus Ráiteas Bliantúil Feidhmíochta 2019-2020
cbi:b8d3c099ca16ad01dc9841da182ca23d949cadcdf7bf0de4a225cea7a28f34ae,b8d3c099ca16ad01dc9841da182ca23d949cadcdf7bf0de4a225cea7a28f34ae,1,201,ocr,central-bank,Financial Stability Review Special Feature Commercial Real Estate - A Macro-Financial Assessment
cbi:c3aff3578cd55e6d0d7c4b3696e343b0374d79caef5ab5594b1d65d7f3db3478,c3aff3578cd55e6d0d7c4b3696e343b0374d79caef5ab5594b1d65d7f3db3478,2,2634,ocr-replace-garbled,stakeholder,Submission  Chpt 13 re CP76 31.3.14.pdf
cbi:c3aff3578cd55e6d0d7c4b3696e343b0374d79caef5ab5594b1d65d7f3db3478,c3aff3578cd55e6d0d7c4b3696e343b0374d79caef5ab5594b1d65d7f3db3478,3,2336,ocr-replace-garbled,stakeholder,Submission  Chpt 13 re CP76 31.3.14.pdf
cbi:c3aff3578cd55e6d0d7c4b3696e343b0374d79caef5ab5594b1d65d7f3db3478,c3aff3578cd55e6d0d7c4b3696e343b0374d79caef5ab5594b1d65d7f3db3478,4,1806,ocr-replace-garbled,stakeholder,Submission  Chpt 13 re CP76 31.3.14.pdf
cbi:c3aff3578cd55e6d0d7c4b3696e343b0374d79caef5ab5594b1d65d7f3db3478,c3aff3578cd55e6d0d7c4b3696e343b0374d79caef5ab5594b1d65d7f3db3478,5,1022,ocr-replace-garbled,stakeholder,Submission  Chpt 13 re CP76 31.3.14.pdf
cbi:c3aff3578cd55e6d0d7c4b3696e343b0374d79caef5ab5594b1d65d7f3db3478,c3aff3578cd55e6d0d7c4b3696e343b0374d79caef5ab5594b1d65d7f3db3478,6,3408,ocr-replace-garbled,stakeholder,Submission  Chpt 13 re CP76 31.3.14.pdf
